ID,NAME,STATUS,PLANNEDCOMPLETIONDATE,UPDATES,ingestionTimeStamp
5f1a9c0b2d3e4f5061728394a5b6c7d8,Maple Ridge Apartments,CUR,2027-07-15,"[{'entryDate': '2026-08-28', 'message': ""Can't close until bonds are allocated""}]",2026-09-01T05:30:00
6a2b8d1c3e4f506172839405b6c7d8e9,Riverbend Senior Living,CUR,2027-04-15,"[{'entryDate': '2026-08-28', 'message': ""Can't close until bonds are allocated""}]",2026-09-01T05:30:00
7b3c9e2d4f50617283940516c7d8e9fa,Solivita Commons,CUR,2027-05-15,"[{'entryDate': '2026-08-28', 'message': ""Can't close until bonds are allocated""}]",2026-09-01T05:30:00
8c4daf3e50617283940516a7d8e9fa0b,Willow Creek Family,PLN,2027-03-15,"[{'entryDate': '2026-08-28', 'message': ""Can't close until bonds are allocated""}]",2026-09-01T05:30:00
9d5eb04f617283940516a7b8e9fa0b1c,Pecan Park Village,CUR,2027-02-15,"[{'entryDate': '2026-08-28', 'message': ""Can't close until bonds are allocated""}]",2026-09-01T05:30:00
ae6fc15072839405a6b7c8d9fa0b1c2d,Harbor View Seniors,PLN,2027-07-15,"[{'entryDate': '2026-08-28', 'message': ""Can't close until bonds are allocated""}]",2026-09-01T05:30:00
bf70d2618394a5b6c7d8e9fa0b1c2d3e,Cedar Point (cancelled),DED,2027-01-15,"[{'entryDate': '2026-08-28', 'message': ""Can't close until bonds are allocated""}]",2026-09-01T05:30:00
c081e372940516a7b8c9d0e1f2a3b4c5,Mariposa Gardens,CUR,2027-08-15,"[{'entryDate': '2026-08-28', 'message': ""Can't close until bonds are allocated""}]",2026-09-01T05:30:00
5f1a9c0b2d3e4f5061728394a5b6c7d8,Maple Ridge Apartments,CUR,2027-04-15,"[{'entryDate': '2026-08-28', 'message': ""Can't close until bonds are allocated""}, {'entryDate': '2026-09-02', 'message': ""Lender's comments received; IC memo updated""}]",2026-09-02T05:30:00
6a2b8d1c3e4f506172839405b6c7d8e9,Riverbend Senior Living,CUR,2027-04-15,"[{'entryDate': '2026-08-28', 'message': ""Can't close until bonds are allocated""}, {'entryDate': '2026-09-02', 'message': ""Lender's comments received; IC memo updated""}]",2026-09-02T05:30:00
7b3c9e2d4f50617283940516c7d8e9fa,Solivita Commons,CUR,2027-08-15,"[{'entryDate': '2026-08-28', 'message': ""Can't close until bonds are allocated""}, {'entryDate': '2026-09-02', 'message': ""Lender's comments received; IC memo updated""}]",2026-09-02T05:30:00
8c4daf3e50617283940516a7d8e9fa0b,Willow Creek Family,PLN,2027-06-15,"[{'entryDate': '2026-08-28', 'message': ""Can't close until bonds are allocated""}, {'entryDate': '2026-09-02', 'message': ""Lender's comments received; IC memo updated""}]",2026-09-02T05:30:00
9d5eb04f617283940516a7b8e9fa0b1c,Pecan Park Village,CUR,2027-05-15,"[{'entryDate': '2026-08-28', 'message': ""Can't close until bonds are allocated""}, {'entryDate': '2026-09-02', 'message': ""Lender's comments received; IC memo updated""}]",2026-09-02T05:30:00
ae6fc15072839405a6b7c8d9fa0b1c2d,Harbor View Seniors,PLN,2027-04-15,"[{'entryDate': '2026-08-28', 'message': ""Can't close until bonds are allocated""}, {'entryDate': '2026-09-02', 'message': ""Lender's comments received; IC memo updated""}]",2026-09-02T05:30:00
bf70d2618394a5b6c7d8e9fa0b1c2d3e,Cedar Point (cancelled),DED,2027-04-15,"[{'entryDate': '2026-08-28', 'message': ""Can't close until bonds are allocated""}, {'entryDate': '2026-09-02', 'message': ""Lender's comments received; IC memo updated""}]",2026-09-02T05:30:00
c081e372940516a7b8c9d0e1f2a3b4c5,Mariposa Gardens,CUR,2027-01-15,"[{'entryDate': '2026-08-28', 'message': ""Can't close until bonds are allocated""}, {'entryDate': '2026-09-02', 'message': ""Lender's comments received; IC memo updated""}]",2026-09-02T05:30:00
5f1a9c0b2d3e4f5061728394a5b6c7d8,Maple Ridge Apartments,CUR,2027-04-15,"[{'entryDate': '2026-08-28', 'message': ""Can't close until bonds are allocated""}, {'entryDate': '2026-09-02', 'message': ""Lender's comments received; IC memo updated""}, {'entryDate': '2026-09-04', 'message': 'Site plan approved'}]",2026-09-03T05:30:00
6a2b8d1c3e4f506172839405b6c7d8e9,Riverbend Senior Living,CUR,2027-07-15,"[{'entryDate': '2026-08-28', 'message': ""Can't close until bonds are allocated""}, {'entryDate': '2026-09-02', 'message': ""Lender's comments received; IC memo updated""}, {'entryDate': '2026-09-04', 'message': 'Site plan approved'}]",2026-09-03T05:30:00
7b3c9e2d4f50617283940516c7d8e9fa,Solivita Commons,CUR,2027-06-15,"[{'entryDate': '2026-08-28', 'message': ""Can't close until bonds are allocated""}, {'entryDate': '2026-09-02', 'message': ""Lender's comments received; IC memo updated""}, {'entryDate': '2026-09-04', 'message': 'Site plan approved'}]",2026-09-03T05:30:00
8c4daf3e50617283940516a7d8e9fa0b,Willow Creek Family,PLN,2027-05-15,"[{'entryDate': '2026-08-28', 'message': ""Can't close until bonds are allocated""}, {'entryDate': '2026-09-02', 'message': ""Lender's comments received; IC memo updated""}, {'entryDate': '2026-09-04', 'message': 'Site plan approved'}]",2026-09-03T05:30:00
9d5eb04f617283940516a7b8e9fa0b1c,Pecan Park Village,CUR,2027-02-15,"[{'entryDate': '2026-08-28', 'message': ""Can't close until bonds are allocated""}, {'entryDate': '2026-09-02', 'message': ""Lender's comments received; IC memo updated""}, {'entryDate': '2026-09-04', 'message': 'Site plan approved'}]",2026-09-03T05:30:00
ae6fc15072839405a6b7c8d9fa0b1c2d,Harbor View Seniors,PLN,2027-05-15,"[{'entryDate': '2026-08-28', 'message': ""Can't close until bonds are allocated""}, {'entryDate': '2026-09-02', 'message': ""Lender's comments received; IC memo updated""}, {'entryDate': '2026-09-04', 'message': 'Site plan approved'}]",2026-09-03T05:30:00
bf70d2618394a5b6c7d8e9fa0b1c2d3e,Cedar Point (cancelled),DED,2027-06-15,"[{'entryDate': '2026-08-28', 'message': ""Can't close until bonds are allocated""}, {'entryDate': '2026-09-02', 'message': ""Lender's comments received; IC memo updated""}, {'entryDate': '2026-09-04', 'message': 'Site plan approved'}]",2026-09-03T05:30:00
c081e372940516a7b8c9d0e1f2a3b4c5,Mariposa Gardens,CUR,2027-09-15,"[{'entryDate': '2026-08-28', 'message': ""Can't close until bonds are allocated""}, {'entryDate': '2026-09-02', 'message': ""Lender's comments received; IC memo updated""}, {'entryDate': '2026-09-04', 'message': 'Site plan approved'}]",2026-09-03T05:30:00
5f1a9c0b2d3e4f5061728394a5b6c7d8,Maple Ridge Apartments,CUR,2027-07-15,"[{'entryDate': '2026-08-28', 'message': ""Can't close until bonds are allocated""}]",2026-09-04T05:30:00
6a2b8d1c3e4f506172839405b6c7d8e9,Riverbend Senior Living,CUR,2027-09-15,"[{'entryDate': '2026-08-28', 'message': ""Can't close until bonds are allocated""}]",2026-09-04T05:30:00
7b3c9e2d4f50617283940516c7d8e9fa,Solivita Commons,CUR,2027-06-15,"[{'entryDate': '2026-08-28', 'message': ""Can't close until bonds are allocated""}]",2026-09-04T05:30:00
8c4daf3e50617283940516a7d8e9fa0b,Willow Creek Family,PLN,2027-01-15,"[{'entryDate': '2026-08-28', 'message': ""Can't close until bonds are allocated""}]",2026-09-04T05:30:00
9d5eb04f617283940516a7b8e9fa0b1c,Pecan Park Village,CUR,2027-02-15,"[{'entryDate': '2026-08-28', 'message': ""Can't close until bonds are allocated""}]",2026-09-04T05:30:00
ae6fc15072839405a6b7c8d9fa0b1c2d,Harbor View Seniors,PLN,2027-05-15,"[{'entryDate': '2026-08-28', 'message': ""Can't close until bonds are allocated""}]",2026-09-04T05:30:00
bf70d2618394a5b6c7d8e9fa0b1c2d3e,Cedar Point (cancelled),DED,2027-03-15,"[{'entryDate': '2026-08-28', 'message': ""Can't close until bonds are allocated""}]",2026-09-04T05:30:00
c081e372940516a7b8c9d0e1f2a3b4c5,Mariposa Gardens,CUR,2027-05-15,"[{'entryDate': '2026-08-28', 'message': ""Can't close until bonds are allocated""}]",2026-09-04T05:30:00
5f1a9c0b2d3e4f5061728394a5b6c7d8,Maple Ridge Apartments,CUR,2027-01-15,"[{'entryDate': '2026-08-28', 'message': ""Can't close until bonds are allocated""}, {'entryDate': '2026-09-02', 'message': ""Lender's comments received; IC memo updated""}]",2026-09-05T05:30:00
6a2b8d1c3e4f506172839405b6c7d8e9,Riverbend Senior Living,CUR,2027-02-15,"[{'entryDate': '2026-08-28', 'message': ""Can't close until bonds are allocated""}, {'entryDate': '2026-09-02', 'message': ""Lender's comments received; IC memo updated""}]",2026-09-05T05:30:00
7b3c9e2d4f50617283940516c7d8e9fa,Solivita Commons,CUR,2027-07-15,"[{'entryDate': '2026-08-28', 'message': ""Can't close until bonds are allocated""}, {'entryDate': '2026-09-02', 'message': ""Lender's comments received; IC memo updated""}]",2026-09-05T05:30:00
8c4daf3e50617283940516a7d8e9fa0b,Willow Creek Family,PLN,2027-06-15,"[{'entryDate': '2026-08-28', 'message': ""Can't close until bonds are allocated""}, {'entryDate': '2026-09-02', 'message': ""Lender's comments received; IC memo updated""}]",2026-09-05T05:30:00
9d5eb04f617283940516a7b8e9fa0b1c,Pecan Park Village,CUR,2027-06-15,"[{'entryDate': '2026-08-28', 'message': ""Can't close until bonds are allocated""}, {'entryDate': '2026-09-02', 'message': ""Lender's comments received; IC memo updated""}]",2026-09-05T05:30:00
ae6fc15072839405a6b7c8d9fa0b1c2d,Harbor View Seniors,PLN,2027-07-15,"[{'entryDate': '2026-08-28', 'message': ""Can't close until bonds are allocated""}, {'entryDate': '2026-09-02', 'message': ""Lender's comments received; IC memo updated""}]",2026-09-05T05:30:00
bf70d2618394a5b6c7d8e9fa0b1c2d3e,Cedar Point (cancelled),DED,2027-09-15,"[{'entryDate': '2026-08-28', 'message': ""Can't close until bonds are allocated""}, {'entryDate': '2026-09-02', 'message': ""Lender's comments received; IC memo updated""}]",2026-09-05T05:30:00
c081e372940516a7b8c9d0e1f2a3b4c5,Mariposa Gardens,CUR,2027-02-15,"[{'entryDate': '2026-08-28', 'message': ""Can't close until bonds are allocated""}, {'entryDate': '2026-09-02', 'message': ""Lender's comments received; IC memo updated""}]",2026-09-05T05:30:00
5f1a9c0b2d3e4f5061728394a5b6c7d8,Maple Ridge Apartments,CUR,2027-07-15,"[{""entryDate"": ""2026-08-28"", ""message"": ""Can't close until bonds are allocated""}, {""entryDate"": ""2026-09-02"", ""message"": ""Lender's comments received; IC memo updated""}, {""entryDate"": ""2026-09-04"", ""message"": ""Site plan approved""}]",2026-09-06T05:30:00
6a2b8d1c3e4f506172839405b6c7d8e9,Riverbend Senior Living,CUR,2027-04-15,"[{""entryDate"": ""2026-08-28"", ""message"": ""Can't close until bonds are allocated""}, {""entryDate"": ""2026-09-02"", ""message"": ""Lender's comments received; IC memo updated""}, {""entryDate"": ""2026-09-04"", ""message"": ""Site plan approved""}]",2026-09-06T05:30:00
7b3c9e2d4f50617283940516c7d8e9fa,Solivita Commons,CUR,2027-05-15,"[{""entryDate"": ""2026-08-28"", ""message"": ""Can't close until bonds are allocated""}, {""entryDate"": ""2026-09-02"", ""message"": ""Lender's comments received; IC memo updated""}, {""entryDate"": ""2026-09-04"", ""message"": ""Site plan approved""}]",2026-09-06T05:30:00
8c4daf3e50617283940516a7d8e9fa0b,Willow Creek Family,PLN,2027-01-15,"[{""entryDate"": ""2026-08-28"", ""message"": ""Can't close until bonds are allocated""}, {""entryDate"": ""2026-09-02"", ""message"": ""Lender's comments received; IC memo updated""}, {""entryDate"": ""2026-09-04"", ""message"": ""Site plan approved""}]",2026-09-06T05:30:00
9d5eb04f617283940516a7b8e9fa0b1c,Pecan Park Village,CUR,2027-07-15,"[{""entryDate"": ""2026-08-28"", ""message"": ""Can't close until bonds are allocated""}, {""entryDate"": ""2026-09-02"", ""message"": ""Lender's comments received; IC memo updated""}, {""entryDate"": ""2026-09-04"", ""message"": ""Site plan approved""}]",2026-09-06T05:30:00
ae6fc15072839405a6b7c8d9fa0b1c2d,Harbor View Seniors,PLN,2027-01-15,"[{""entryDate"": ""2026-08-28"", ""message"": ""Can't close until bonds are allocated""}, {""entryDate"": ""2026-09-02"", ""message"": ""Lender's comments received; IC memo updated""}, {""entryDate"": ""2026-09-04"", ""message"": ""Site plan approved""}]",2026-09-06T05:30:00
bf70d2618394a5b6c7d8e9fa0b1c2d3e,Cedar Point (cancelled),DED,2027-09-15,"[{""entryDate"": ""2026-08-28"", ""message"": ""Can't close until bonds are allocated""}, {""entryDate"": ""2026-09-02"", ""message"": ""Lender's comments received; IC memo updated""}, {""entryDate"": ""2026-09-04"", ""message"": ""Site plan approved""}]",2026-09-06T05:30:00
c081e372940516a7b8c9d0e1f2a3b4c5,Mariposa Gardens,CUR,2027-09-15,"[{""entryDate"": ""2026-08-28"", ""message"": ""Can't close until bonds are allocated""}, {""entryDate"": ""2026-09-02"", ""message"": ""Lender's comments received; IC memo updated""}, {""entryDate"": ""2026-09-04"", ""message"": ""Site plan approved""}]",2026-09-06T05:30:00
5f1a9c0b2d3e4f5061728394a5b6c7d8,Maple Ridge Apartments,CUR,2027-04-15,"[{""entryDate"": ""2026-08-28"", ""message"": ""Can't close until bonds are allocated""}]",2026-09-07T05:30:00
6a2b8d1c3e4f506172839405b6c7d8e9,Riverbend Senior Living,CUR,2027-06-15,"[{""entryDate"": ""2026-08-28"", ""message"": ""Can't close until bonds are allocated""}]",2026-09-07T05:30:00
7b3c9e2d4f50617283940516c7d8e9fa,Solivita Commons,CUR,2027-07-15,"[{""entryDate"": ""2026-08-28"", ""message"": ""Can't close until bonds are allocated""}]",2026-09-07T05:30:00
8c4daf3e50617283940516a7d8e9fa0b,Willow Creek Family,PLN,2027-02-15,"[{""entryDate"": ""2026-08-28"", ""message"": ""Can't close until bonds are allocated""}]",2026-09-07T05:30:00
9d5eb04f617283940516a7b8e9fa0b1c,Pecan Park Village,CUR,2027-06-15,"[{""entryDate"": ""2026-08-28"", ""message"": ""Can't close until bonds are allocated""}]",2026-09-07T05:30:00
ae6fc15072839405a6b7c8d9fa0b1c2d,Harbor View Seniors,PLN,2027-06-15,"[{""entryDate"": ""2026-08-28"", ""message"": ""Can't close until bonds are allocated""}]",2026-09-07T05:30:00
bf70d2618394a5b6c7d8e9fa0b1c2d3e,Cedar Point (cancelled),DED,2027-02-15,"[{""entryDate"": ""2026-08-28"", ""message"": ""Can't close until bonds are allocated""}]",2026-09-07T05:30:00
c081e372940516a7b8c9d0e1f2a3b4c5,Mariposa Gardens,CUR,2027-05-15,"[{""entryDate"": ""2026-08-28"", ""message"": ""Can't close until bonds are allocated""}]",2026-09-07T05:30:00
5f1a9c0b2d3e4f5061728394a5b6c7d8,Maple Ridge Apartments,CUR,2027-09-15,"[{""entryDate"": ""2026-08-28"", ""message"": ""Can't close until bonds are allocated""}, {""entryDate"": ""2026-09-02"", ""message"": ""Lender's comments received; IC memo updated""}]",2026-09-08T05:30:00
6a2b8d1c3e4f506172839405b6c7d8e9,Riverbend Senior Living,CUR,2027-05-15,"[{""entryDate"": ""2026-08-28"", ""message"": ""Can't close until bonds are allocated""}, {""entryDate"": ""2026-09-02"", ""message"": ""Lender's comments received; IC memo updated""}]",2026-09-08T05:30:00
7b3c9e2d4f50617283940516c7d8e9fa,Solivita Commons,CUR,2027-07-15,"[{""entryDate"": ""2026-08-28"", ""message"": ""Can't close until bonds are allocated""}, {""entryDate"": ""2026-09-02"", ""message"": ""Lender's comments received; IC memo updated""}]",2026-09-08T05:30:00
8c4daf3e50617283940516a7d8e9fa0b,Willow Creek Family,PLN,2027-06-15,"[{""entryDate"": ""2026-08-28"", ""message"": ""Can't close until bonds are allocated""}, {""entryDate"": ""2026-09-02"", ""message"": ""Lender's comments received; IC memo updated""}]",2026-09-08T05:30:00
9d5eb04f617283940516a7b8e9fa0b1c,Pecan Park Village,CUR,2027-07-15,"[{""entryDate"": ""2026-08-28"", ""message"": ""Can't close until bonds are allocated""}, {""entryDate"": ""2026-09-02"", ""message"": ""Lender's comments received; IC memo updated""}]",2026-09-08T05:30:00
ae6fc15072839405a6b7c8d9fa0b1c2d,Harbor View Seniors,PLN,2027-05-15,"[{""entryDate"": ""2026-08-28"", ""message"": ""Can't close until bonds are allocated""}, {""entryDate"": ""2026-09-02"", ""message"": ""Lender's comments received; IC memo updated""}]",2026-09-08T05:30:00
bf70d2618394a5b6c7d8e9fa0b1c2d3e,Cedar Point (cancelled),DED,2027-09-15,"[{""entryDate"": ""2026-08-28"", ""message"": ""Can't close until bonds are allocated""}, {""entryDate"": ""2026-09-02"", ""message"": ""Lender's comments received; IC memo updated""}]",2026-09-08T05:30:00
c081e372940516a7b8c9d0e1f2a3b4c5,Mariposa Gardens,CUR,2027-03-15,"[{""entryDate"": ""2026-08-28"", ""message"": ""Can't close until bonds are allocated""}, {""entryDate"": ""2026-09-02"", ""message"": ""Lender's comments received; IC memo updated""}]",2026-09-08T05:30:00
5f1a9c0b2d3e4f5061728394a5b6c7d8,Maple Ridge Apartments,CUR,2027-04-15,"[{""entryDate"": ""2026-08-28"", ""message"": ""Can't close until bonds are allocated""}, {""entryDate"": ""2026-09-02"", ""message"": ""Lender's comments received; IC memo updated""}, {""entryDate"": ""2026-09-04"", ""message"": ""Site plan approved""}]",2026-09-09T05:30:00
6a2b8d1c3e4f506172839405b6c7d8e9,Riverbend Senior Living,CUR,2027-07-15,"[{""entryDate"": ""2026-08-28"", ""message"": ""Can't close until bonds are allocated""}, {""entryDate"": ""2026-09-02"", ""message"": ""Lender's comments received; IC memo updated""}, {""entryDate"": ""2026-09-04"", ""message"": ""Site plan approved""}]",2026-09-09T05:30:00
7b3c9e2d4f50617283940516c7d8e9fa,Solivita Commons,CUR,2027-07-15,"[{""entryDate"": ""2026-08-28"", ""message"": ""Can't close until bonds are allocated""}, {""entryDate"": ""2026-09-02"", ""message"": ""Lender's comments received; IC memo updated""}, {""entryDate"": ""2026-09-04"", ""message"": ""Site plan approved""}]",2026-09-09T05:30:00
8c4daf3e50617283940516a7d8e9fa0b,Willow Creek Family,PLN,2027-03-15,"[{""entryDate"": ""2026-08-28"", ""message"": ""Can't close until bonds are allocated""}, {""entryDate"": ""2026-09-02"", ""message"": ""Lender's comments received; IC memo updated""}, {""entryDate"": ""2026-09-04"", ""message"": ""Site plan approved""}]",2026-09-09T05:30:00
9d5eb04f617283940516a7b8e9fa0b1c,Pecan Park Village,CUR,2027-05-15,"[{""entryDate"": ""2026-08-28"", ""message"": ""Can't close until bonds are allocated""}, {""entryDate"": ""2026-09-02"", ""message"": ""Lender's comments received; IC memo updated""}, {""entryDate"": ""2026-09-04"", ""message"": ""Site plan approved""}]",2026-09-09T05:30:00
ae6fc15072839405a6b7c8d9fa0b1c2d,Harbor View Seniors,PLN,2027-07-15,"[{""entryDate"": ""2026-08-28"", ""message"": ""Can't close until bonds are allocated""}, {""entryDate"": ""2026-09-02"", ""message"": ""Lender's comments received; IC memo updated""}, {""entryDate"": ""2026-09-04"", ""message"": ""Site plan approved""}]",2026-09-09T05:30:00
bf70d2618394a5b6c7d8e9fa0b1c2d3e,Cedar Point (cancelled),DED,2027-09-15,"[{""entryDate"": ""2026-08-28"", ""message"": ""Can't close until bonds are allocated""}, {""entryDate"": ""2026-09-02"", ""message"": ""Lender's comments received; IC memo updated""}, {""entryDate"": ""2026-09-04"", ""message"": ""Site plan approved""}]",2026-09-09T05:30:00
c081e372940516a7b8c9d0e1f2a3b4c5,Mariposa Gardens,CUR,2027-01-15,"[{""entryDate"": ""2026-08-28"", ""message"": ""Can't close until bonds are allocated""}, {""entryDate"": ""2026-09-02"", ""message"": ""Lender's comments received; IC memo updated""}, {""entryDate"": ""2026-09-04"", ""message"": ""Site plan approved""}]",2026-09-09T05:30:00
5f1a9c0b2d3e4f5061728394a5b6c7d8,Maple Ridge Apartments,CUR,2027-05-15,"[{""entryDate"": ""2026-08-28"", ""message"": ""Can't close until bonds are allocated""}]",2026-09-10T05:30:00
6a2b8d1c3e4f506172839405b6c7d8e9,Riverbend Senior Living,CUR,2027-05-15,"[{""entryDate"": ""2026-08-28"", ""message"": ""Can't close until bonds are allocated""}]",2026-09-10T05:30:00
7b3c9e2d4f50617283940516c7d8e9fa,Solivita Commons,CUR,2027-04-15,"[{""entryDate"": ""2026-08-28"", ""message"": ""Can't close until bonds are allocated""}]",2026-09-10T05:30:00
8c4daf3e50617283940516a7d8e9fa0b,Willow Creek Family,PLN,2027-07-15,"[{""entryDate"": ""2026-08-28"", ""message"": ""Can't close until bonds are allocated""}]",2026-09-10T05:30:00
9d5eb04f617283940516a7b8e9fa0b1c,Pecan Park Village,CUR,2027-06-15,"[{""entryDate"": ""2026-08-28"", ""message"": ""Can't close until bonds are allocated""}]",2026-09-10T05:30:00
ae6fc15072839405a6b7c8d9fa0b1c2d,Harbor View Seniors,PLN,2027-08-15,"[{""entryDate"": ""2026-08-28"", ""message"": ""Can't close until bonds are allocated""}]",2026-09-10T05:30:00
bf70d2618394a5b6c7d8e9fa0b1c2d3e,Cedar Point (cancelled),DED,2027-08-15,"[{""entryDate"": ""2026-08-28"", ""message"": ""Can't close until bonds are allocated""}]",2026-09-10T05:30:00
c081e372940516a7b8c9d0e1f2a3b4c5,Mariposa Gardens,CUR,2027-08-15,"[{""entryDate"": ""2026-08-28"", ""message"": ""Can't close until bonds are allocated""}]",2026-09-10T05:30:00
