txtid,event_date,event_type,value_usd,forced_sale,ingested_at
101,2024-12-31,Annual Valuation,47000000,,2026-09-15 02:00:00
101,2025-12-31,Annual Valuation,55000000,,2026-09-15 02:00:00
102,2024-12-31,Annual Valuation,17000000,,2026-09-15 02:00:00
102,2025-12-31,Annual Valuation,23000000,,2026-09-15 02:00:00
103,2024-12-31,Annual Valuation,18000000,,2026-09-15 02:00:00
103,2025-12-31,Annual Valuation,59000000,,2026-09-15 02:00:00
104,2024-12-31,Annual Valuation,59000000,,2026-09-15 02:00:00
104,2025-12-31,Annual Valuation,19000000,,2026-09-15 02:00:00
105,2024-12-31,Annual Valuation,34000000,,2026-09-15 02:00:00
105,2025-12-31,Annual Valuation,9000000,,2026-09-15 02:00:00
106,2024-12-31,Annual Valuation,19000000,,2026-09-15 02:00:00
106,2025-12-31,Annual Valuation,55000000,,2026-09-15 02:00:00
107,2024-12-31,Annual Valuation,29000000,,2026-09-15 02:00:00
107,2025-12-31,Annual Valuation,58000000,,2026-09-15 02:00:00
0,2025-12-31,Placeholder,0,,2026-09-15 02:00:00
0,2025-12-31,Placeholder,0,,2026-09-15 02:00:00
0,2025-12-31,Placeholder,0,,2026-09-15 02:00:00
