workfront_program_id,deal_name,ic_approval_date,signed_pa_date,bonds_entitlements_date,closing_date,construction_completion_date,perm_financing_date,final_equity_date,ingested_at
5f1a9c0b2d3e4f5061728394a5b6c7d8,Maple Ridge Apartments,2024-03-01,2024-06-29,2024-10-27,,,,,2026-09-01 04:00:00
5f1a9c0b2d3e4f5061728394a5b6c7d8,Maple Ridge Apartments,2024-03-01,2024-06-29,2024-10-27,,,,,2026-09-15 04:00:00
6a2b8d1c3e4f506172839405b6c7d8e9,Riverbend Senior Living,2024-03-31,2024-07-29,2024-11-26,2025-03-26,,,,2026-09-01 04:00:00
6a2b8d1c3e4f506172839405b6c7d8e9,Riverbend Senior Living,2024-03-31,2024-07-29,2024-11-26,2025-03-26,,,,2026-09-15 04:00:00
7b3c9e2d4f50617283940516c7d8e9fa,Solivita Commons,2024-04-30,2024-08-28,2024-12-26,2025-04-25,2025-08-23,2025-12-21,,2026-09-01 04:00:00
7b3c9e2d4f50617283940516c7d8e9fa,Solivita Commons,2024-04-30,2024-08-28,2024-12-26,2025-04-25,2025-08-23,2025-12-21,,2026-09-15 04:00:00
8c4daf3e50617283940516a7d8e9fa0b,Willow Creek Family,2024-05-30,,,,,,,2026-09-01 04:00:00
8c4daf3e50617283940516a7d8e9fa0b,Willow Creek Family,2024-05-30,,,,,,,2026-09-15 04:00:00
9d5eb04f617283940516a7b8e9fa0b1c,Pecan Park Village,2024-06-29,2024-10-27,2025-02-24,2025-06-24,2025-10-22,,,2026-09-01 04:00:00
9d5eb04f617283940516a7b8e9fa0b1c,Pecan Park Village,2024-06-29,2024-10-27,2025-02-24,2025-06-24,2025-10-22,,,2026-09-15 04:00:00
ae6fc15072839405a6b7c8d9fa0b1c2d,Harbor View Seniors,2024-07-29,2024-11-26,,,,,,2026-09-01 04:00:00
ae6fc15072839405a6b7c8d9fa0b1c2d,Harbor View Seniors,2024-07-29,2024-11-26,,,,,,2026-09-15 04:00:00
c081e372940516a7b8c9d0e1f2a3b4c5,Mariposa Gardens,2024-08-28,2024-12-26,2025-04-25,2025-08-23,,,,2026-09-01 04:00:00
c081e372940516a7b8c9d0e1f2a3b4c5,Mariposa Gardens,2024-08-28,2024-12-26,2025-04-25,2025-08-23,,,,2026-09-15 04:00:00
