workfront_program_id,deal_name,proforma_type,file_name,file_last_modified,npv_usd,is_tax_credit
5f1a9c0b2d3e4f5061728394a5b6c7d8,Maple Ridge Apartments,IC Approval Model,Maple_Ridge_Apartments_IC_v1.xlsm,2026-08-05 15:00:00,10250000,Y
5f1a9c0b2d3e4f5061728394a5b6c7d8,Maple Ridge Apartments,IC Approval Model,Maple_Ridge_Apartments_IC_v2.xlsm,2026-08-24 02:00:00,14000000,Y
6a2b8d1c3e4f506172839405b6c7d8e9,Riverbend Senior Living,Live Model,Riverbend_Senior_Living_Live_v1.xlsm,2026-06-12 07:00:00,14750000,N
6a2b8d1c3e4f506172839405b6c7d8e9,Riverbend Senior Living,Live Model,Riverbend_Senior_Living_Live_v2.xlsm,2026-06-29 06:00:00,9500000,N
6a2b8d1c3e4f506172839405b6c7d8e9,Riverbend Senior Living,IC Approval Model,Riverbend_Senior_Living_IC_v1.xlsm,2026-06-06 07:00:00,20000000,N
7b3c9e2d4f50617283940516c7d8e9fa,Solivita Commons,Closing Model,Solivita_Commons_Closing_v1.xlsm,2026-07-29 13:00:00,11000000,Y
7b3c9e2d4f50617283940516c7d8e9fa,Solivita Commons,Live Model,Solivita_Commons_Live_v1.xlsm,2026-08-03 12:00:00,12750000,Y
7b3c9e2d4f50617283940516c7d8e9fa,Solivita Commons,Live Model,Solivita_Commons_Live_v2.xlsm,2026-06-19 20:00:00,5000000,Y
7b3c9e2d4f50617283940516c7d8e9fa,Solivita Commons,Live Model,Solivita_Commons_Live_v3.xlsm,2026-09-05 03:00:00,18500000,Y
7b3c9e2d4f50617283940516c7d8e9fa,Solivita Commons,IC Approval Model,Solivita_Commons_IC_v1.xlsm,2026-06-23 22:00:00,21500000,Y
7b3c9e2d4f50617283940516c7d8e9fa,Solivita Commons,IC Approval Model,Solivita_Commons_IC_v2.xlsm,2026-07-30 01:00:00,12750000,Y
8c4daf3e50617283940516a7d8e9fa0b,Willow Creek Family,IC Approval Model,Willow_Creek_Family_IC_v1.xlsm,2026-07-29 04:00:00,19750000,Y
9d5eb04f617283940516a7b8e9fa0b1c,Pecan Park Village,Closing Model,Pecan_Park_Village_Closing_v1.xlsm,2026-09-05 14:00:00,21000000,N
9d5eb04f617283940516a7b8e9fa0b1c,Pecan Park Village,Closing Model,Pecan_Park_Village_Closing_v2.xlsm,2026-07-25 17:00:00,19250000,N
9d5eb04f617283940516a7b8e9fa0b1c,Pecan Park Village,Live Model,Pecan_Park_Village_Live_v1.xlsm,2026-09-04 15:00:00,19250000,N
9d5eb04f617283940516a7b8e9fa0b1c,Pecan Park Village,Live Model,Pecan_Park_Village_Live_v2.xlsm,2026-07-04 07:00:00,13750000,N
9d5eb04f617283940516a7b8e9fa0b1c,Pecan Park Village,IC Approval Model,Pecan_Park_Village_IC_v1.xlsm,2026-08-20 07:00:00,13750000,N
9d5eb04f617283940516a7b8e9fa0b1c,Pecan Park Village,IC Approval Model,Pecan_Park_Village_IC_v2.xlsm,2026-07-27 02:00:00,14000000,N
9d5eb04f617283940516a7b8e9fa0b1c,Pecan Park Village,IC Approval Model,Pecan_Park_Village_IC_v3.xlsm,2026-07-01 08:00:00,15500000,N
ae6fc15072839405a6b7c8d9fa0b1c2d,Harbor View Seniors,IC Approval Model,Harbor_View_Seniors_IC_v1.xlsm,2026-08-09 02:00:00,9250000,Y
ae6fc15072839405a6b7c8d9fa0b1c2d,Harbor View Seniors,IC Approval Model,Harbor_View_Seniors_IC_v2.xlsm,2026-06-20 07:00:00,17250000,Y
c081e372940516a7b8c9d0e1f2a3b4c5,Mariposa Gardens,Live Model,Mariposa_Gardens_Live_v1.xlsm,2026-08-30 06:00:00,7000000,Y
c081e372940516a7b8c9d0e1f2a3b4c5,Mariposa Gardens,Live Model,Mariposa_Gardens_Live_v2.xlsm,2026-07-24 13:00:00,15500000,Y
c081e372940516a7b8c9d0e1f2a3b4c5,Mariposa Gardens,IC Approval Model,Mariposa_Gardens_IC_v1.xlsm,2026-07-24 01:00:00,11500000,Y
c081e372940516a7b8c9d0e1f2a3b4c5,Mariposa Gardens,IC Approval Model,Mariposa_Gardens_IC_v2.xlsm,2026-07-24 12:00:00,5500000,Y
c081e372940516a7b8c9d0e1f2a3b4c5,Mariposa Gardens,IC Approval Model,Mariposa_Gardens_IC_v3.xlsm,2026-09-06 18:00:00,17000000,Y
