header__change_seq,header__change_oper,header__operation,header__timestamp,hMy,hProperty,sCode,dSqFt,sStatus
20260902000000000000000000000009,B,BEFOREIMAGE,2026-09-07 12:00:00,5003,1,dom001-103,1100,Down
20260902000000000000000000000010,U,UPDATE,2026-09-07 12:00:00,5003,1,dom001-103,1100,Occupied
20260902000000000000000000000011,B,BEFOREIMAGE,2026-09-07 12:00:00,5023,3,dom003-107,780,Occupied
20260902000000000000000000000012,U,UPDATE,2026-09-07 12:00:00,5023,3,dom003-107,780,Vacant
20260902000000000000000000000013,B,BEFOREIMAGE,2026-09-07 12:00:00,5014,2,dom002-106,780,Occupied
20260902000000000000000000000014,U,UPDATE,2026-09-07 12:00:00,5014,2,dom002-106,780,Vacant
20260902000000000000000000000015,B,BEFOREIMAGE,2026-09-07 12:00:00,5044,6,dom006-104,650,Occupied
20260902000000000000000000000016,U,UPDATE,2026-09-07 12:00:00,5044,6,dom006-104,650,Vacant
20260902000000000000000000000017,B,BEFOREIMAGE,2026-09-07 12:00:00,5016,2,dom002-108,920,Vacant
20260902000000000000000000000018,U,UPDATE,2026-09-07 12:00:00,5016,2,dom002-108,920,Occupied
20260902000000000000000000000019,B,BEFOREIMAGE,2026-09-07 12:00:00,5043,6,dom006-103,650,Occupied
20260902000000000000000000000020,U,UPDATE,2026-09-07 12:00:00,5043,6,dom006-103,650,Vacant
20260902000000000000000000000021,B,BEFOREIMAGE,2026-09-07 12:00:00,5007,1,dom001-107,650,Occupied
20260902000000000000000000000022,U,UPDATE,2026-09-07 12:00:00,5007,1,dom001-107,650,Vacant
20260902000000000000000000000023,B,BEFOREIMAGE,2026-09-07 12:00:00,5047,6,dom006-107,780,Occupied
20260902000000000000000000000024,U,UPDATE,2026-09-07 12:00:00,5047,6,dom006-107,780,Vacant
20260902000000000000000000000025,B,BEFOREIMAGE,2026-09-07 12:00:00,5036,5,dom005-104,650,Occupied
20260902000000000000000000000026,U,UPDATE,2026-09-07 12:00:00,5036,5,dom005-104,650,Vacant
20260902000000000000000000000027,B,BEFOREIMAGE,2026-09-07 12:00:00,5027,4,dom004-103,650,Down
20260902000000000000000000000028,U,UPDATE,2026-09-07 12:00:00,5027,4,dom004-103,650,Occupied
20260902000000000000000000000029,I,INSERT,2026-09-08 09:05:00,5049,7,dom007-101,800,Vacant
20260902000000000000000000000030,I,INSERT,2026-09-08 09:05:00,5050,7,dom007-102,800,Vacant
20260902000000000000000000000031,I,INSERT,2026-09-08 09:05:00,5051,7,dom007-103,800,Vacant
20260902000000000000000000000032,I,INSERT,2026-09-08 09:05:00,5052,7,dom007-104,800,Vacant
20260902000000000000000000000033,I,INSERT,2026-09-08 09:05:00,5053,7,dom007-105,800,Vacant
20260902000000000000000000000034,I,INSERT,2026-09-08 09:05:00,5054,7,dom007-106,800,Vacant
20260902000000000000000000000035,I,INSERT,2026-09-08 09:05:00,5055,7,dom007-107,800,Vacant
20260902000000000000000000000036,I,INSERT,2026-09-08 09:05:00,5056,7,dom007-108,800,Vacant
20260902000000000000000000000037,D,DELETE,2026-09-10 16:21:00,5033,5,dom005-101,780,Occupied
20260902000000000000000000000038,D,DELETE,2026-09-10 16:21:00,5034,5,dom005-102,780,Occupied
20260902000000000000000000000039,D,DELETE,2026-09-10 16:21:00,5035,5,dom005-103,1100,Occupied
20260902000000000000000000000040,D,DELETE,2026-09-10 16:21:00,5036,5,dom005-104,650,Vacant
20260902000000000000000000000041,D,DELETE,2026-09-10 16:21:00,5037,5,dom005-105,1100,Occupied
20260902000000000000000000000042,D,DELETE,2026-09-10 16:21:00,5038,5,dom005-106,650,Occupied
20260902000000000000000000000043,D,DELETE,2026-09-10 16:21:00,5039,5,dom005-107,920,Occupied
20260902000000000000000000000044,D,DELETE,2026-09-10 16:21:00,5040,5,dom005-108,920,Occupied
