hMy,hProperty,sCode,dSqFt,sStatus
5001,1,dom001-101,650,Occupied
5002,1,dom001-102,650,Occupied
5003,1,dom001-103,1100,Down
5004,1,dom001-104,780,Occupied
5005,1,dom001-105,650,Occupied
5006,1,dom001-106,650,Down
5007,1,dom001-107,650,Occupied
5008,1,dom001-108,1100,Occupied
5009,2,dom002-101,780,Down
5010,2,dom002-102,650,Down
5011,2,dom002-103,650,Vacant
5012,2,dom002-104,920,Occupied
5013,2,dom002-105,780,Occupied
5014,2,dom002-106,780,Occupied
5015,2,dom002-107,1100,Occupied
5016,2,dom002-108,920,Vacant
5017,3,dom003-101,920,Occupied
5018,3,dom003-102,650,Vacant
5019,3,dom003-103,650,Occupied
5020,3,dom003-104,780,Down
5021,3,dom003-105,920,Occupied
5022,3,dom003-106,920,Occupied
5023,3,dom003-107,780,Occupied
5024,3,dom003-108,920,Occupied
5025,4,dom004-101,1100,Down
5026,4,dom004-102,920,Down
5027,4,dom004-103,650,Down
5028,4,dom004-104,920,Occupied
5029,4,dom004-105,780,Occupied
5030,4,dom004-106,650,Occupied
5031,4,dom004-107,780,Occupied
5032,4,dom004-108,920,Down
5033,5,dom005-101,780,Occupied
5034,5,dom005-102,780,Occupied
5035,5,dom005-103,1100,Occupied
5036,5,dom005-104,650,Occupied
5037,5,dom005-105,1100,Occupied
5038,5,dom005-106,650,Occupied
5039,5,dom005-107,920,Occupied
5040,5,dom005-108,920,Occupied
5041,6,dom006-101,1100,Down
5042,6,dom006-102,1100,Down
5043,6,dom006-103,650,Occupied
5044,6,dom006-104,650,Occupied
5045,6,dom006-105,650,Occupied
5046,6,dom006-106,780,Vacant
5047,6,dom006-107,780,Occupied
5048,6,dom006-108,920,Occupied
