id,number,title,status,project_id,created_at,updated_at,change_order_change_reason.id,change_order_change_reason.change_reason,change_event_status.name,Insertion_TimeStamp
,,Function_Name,,,,,,,,2026-09-01 06:00:00.000000
,,Function_Name,,,,,,,,2026-09-01 06:00:00.000000
,,Function_Name,,,,,,,,2026-09-01 06:00:00.000000
880082,3,CE-003 Design Error,Open,3300102,2026-09-01 09:15:00,2026-09-01 14:30:00,102,Design Error,Open,2026-09-01 06:00:00.000000
880122,4,CE-004 Design Error,Open,2263341,2026-09-01 09:15:00,2026-09-01 14:30:00,102,Design Error,Open,2026-09-01 06:00:00.000000
880380,17,CE-017 Owner Change,Open,2263341,2026-09-01 09:15:00,2026-09-01 14:30:00,101,Owner Change,Open,2026-09-01 06:00:00.000000
880447,21,CE-021 Owner Change,Open,3300101,2026-09-01 09:15:00,2026-09-01 14:30:00,101,Owner Change,Open,2026-09-01 06:00:00.000000
880082,3,CE-003 Design Error,Open,3300102,2026-09-01 09:15:00,2026-09-01 14:30:00,102,Design Error,Open,2026-09-01 18:00:00.000000
880122,4,CE-004 Design Error,Open,2263341,2026-09-01 09:15:00,2026-09-01 14:30:00,102,Design Error,Open,2026-09-01 18:00:00.000000
880380,17,CE-017 Owner Change,Open,2263341,2026-09-01 09:15:00,2026-09-01 14:30:00,101,Owner Change,Open,2026-09-01 18:00:00.000000
880447,21,CE-021 Owner Change,Open,3300101,2026-09-01 09:15:00,2026-09-01 14:30:00,101,Owner Change,Open,2026-09-01 18:00:00.000000
880082,3,CE-003 Design Error,Open,3300102,2026-09-01 09:15:00,2026-09-01 14:30:00,102,Design Error,Open,2026-09-02 06:00:00.000000
880122,4,CE-004 Design Error,Open,2263341,2026-09-01 09:15:00,2026-09-01 14:30:00,102,Design Error,Open,2026-09-02 06:00:00.000000
880380,17,CE-017 Owner Change,Open,2263341,2026-09-01 09:15:00,2026-09-01 14:30:00,101,Owner Change,Open,2026-09-02 06:00:00.000000
880447,21,CE-021 Owner Change,Open,3300101,2026-09-01 09:15:00,2026-09-01 14:30:00,101,Owner Change,Open,2026-09-02 06:00:00.000000
880082,3,CE-003 Design Error,Open,3300102,2026-09-01 09:15:00,2026-09-01 14:30:00,102,Design Error,Open,2026-09-03 06:00:00.000000
880122,4,CE-004 Design Error,Open,2263341,2026-09-01 09:15:00,2026-09-01 14:30:00,102,Design Error,Open,2026-09-03 06:00:00.000000
880380,17,CE-017 Owner Change,Open,2263341,2026-09-01 09:15:00,2026-09-01 14:30:00,101,Owner Change,Open,2026-09-03 06:00:00.000000
880447,21,CE-021 Owner Change,Open,3300101,2026-09-01 09:15:00,2026-09-01 14:30:00,101,Owner Change,Open,2026-09-03 06:00:00.000000
880465,22,CE-022 Owner Change,Open,3300102,2026-09-03 09:15:00,2026-09-03 14:30:00,101,Owner Change,Open,2026-09-03 06:00:00.000000
880533,27,CE-027 Owner Change,Open,2859999,2026-09-03 09:15:00,2026-09-03 14:30:00,101,Owner Change,Open,2026-09-03 06:00:00.000000
880082,3,CE-003 Design Error,Open,3300102,2026-09-01 09:15:00,2026-09-01 14:30:00,102,Design Error,Open,2026-09-04 06:00:00.000000
880122,4,CE-004 Design Error,Open,2263341,2026-09-01 09:15:00,2026-09-01 14:30:00,102,Design Error,Open,2026-09-04 06:00:00.000000
880138,5,CE-005 Owner Change,Open,2263341,2026-09-04 09:15:00,2026-09-04 14:30:00,101,Owner Change,Open,2026-09-04 06:00:00.000000
880191,8,CE-008 Code Requirement,Open,2859999,2026-09-04 09:15:00,2026-09-04 14:30:00,104,Code Requirement,Open,2026-09-04 06:00:00.000000
880380,17,CE-017 Owner Change,Open,2263341,2026-09-01 09:15:00,2026-09-01 14:30:00,101,Owner Change,Open,2026-09-04 06:00:00.000000
880447,21,CE-021 Owner Change,Open,3300101,2026-09-01 09:15:00,2026-09-01 14:30:00,101,Owner Change,Open,2026-09-04 06:00:00.000000
880465,22,CE-022 Owner Change,Open,3300102,2026-09-03 09:15:00,2026-09-03 14:30:00,101,Owner Change,Open,2026-09-04 06:00:00.000000
880533,27,CE-027 Owner Change,Open,2859999,2026-09-03 09:15:00,2026-09-03 14:30:00,101,Owner Change,Open,2026-09-04 06:00:00.000000
880675,33,CE-033 Owner Change,Open,3300101,2026-09-04 09:15:00,2026-09-04 14:30:00,101,Owner Change,Open,2026-09-04 06:00:00.000000
880082,3,CE-003 Design Error,Open,3300102,2026-09-01 09:15:00,2026-09-01 14:30:00,102,Design Error,Open,2026-09-04 18:00:00.000000
880122,4,CE-004 Design Error,Open,2263341,2026-09-01 09:15:00,2026-09-01 14:30:00,102,Design Error,Open,2026-09-04 18:00:00.000000
880138,5,CE-005 Owner Change,Open,2263341,2026-09-04 09:15:00,2026-09-04 14:30:00,101,Owner Change,Open,2026-09-04 18:00:00.000000
880191,8,CE-008 Code Requirement,Open,2859999,2026-09-04 09:15:00,2026-09-04 14:30:00,104,Code Requirement,Open,2026-09-04 18:00:00.000000
880380,17,CE-017 Owner Change,Open,2263341,2026-09-01 09:15:00,2026-09-01 14:30:00,101,Owner Change,Open,2026-09-04 18:00:00.000000
880447,21,CE-021 Owner Change,Open,3300101,2026-09-01 09:15:00,2026-09-01 14:30:00,101,Owner Change,Open,2026-09-04 18:00:00.000000
880465,22,CE-022 Owner Change,Open,3300102,2026-09-03 09:15:00,2026-09-03 14:30:00,101,Owner Change,Open,2026-09-04 18:00:00.000000
880533,27,CE-027 Owner Change,Open,2859999,2026-09-03 09:15:00,2026-09-03 14:30:00,101,Owner Change,Open,2026-09-04 18:00:00.000000
880675,33,CE-033 Owner Change,Open,3300101,2026-09-04 09:15:00,2026-09-04 14:30:00,101,Owner Change,Open,2026-09-04 18:00:00.000000
880082,3,CE-003 Design Error,Open,3300102,2026-09-01 09:15:00,2026-09-01 14:30:00,102,Design Error,Open,2026-09-05 06:00:00.000000
880122,4,CE-004 Design Error,Open,2263341,2026-09-01 09:15:00,2026-09-01 14:30:00,102,Design Error,Open,2026-09-05 06:00:00.000000
880138,5,CE-005 Owner Change,Open,2263341,2026-09-04 09:15:00,2026-09-04 14:30:00,101,Owner Change,Open,2026-09-05 06:00:00.000000
880191,8,CE-008 Code Requirement,Open,2859999,2026-09-04 09:15:00,2026-09-04 14:30:00,104,Code Requirement,Open,2026-09-05 06:00:00.000000
880380,17,CE-017 Owner Change,Open,2263341,2026-09-01 09:15:00,2026-09-01 14:30:00,101,Owner Change,Open,2026-09-05 06:00:00.000000
880447,21,CE-021 Owner Change,Pending,3300101,2026-09-01 09:15:00,2026-09-05 14:30:00,101,Owner Change,Pending,2026-09-05 06:00:00.000000
880465,22,CE-022 Owner Change,Open,3300102,2026-09-03 09:15:00,2026-09-03 14:30:00,101,Owner Change,Open,2026-09-05 06:00:00.000000
880533,27,CE-027 Owner Change,Open,2859999,2026-09-03 09:15:00,2026-09-03 14:30:00,101,Owner Change,Open,2026-09-05 06:00:00.000000
880668,32,CE-032 Code Requirement,Open,3300101,2026-09-05 09:15:00,2026-09-05 14:30:00,104,Code Requirement,Open,2026-09-05 06:00:00.000000
880675,33,CE-033 Owner Change,Open,3300101,2026-09-04 09:15:00,2026-09-04 14:30:00,101,Owner Change,Open,2026-09-05 06:00:00.000000
880082,3,CE-003 Design Error,Open,3300102,2026-09-01 09:15:00,2026-09-01 14:30:00,102,Design Error,Open,2026-09-06 06:00:00.000000
880122,4,CE-004 Design Error,Pending,2263341,2026-09-01 09:15:00,2026-09-06 14:30:00,102,Design Error,Pending,2026-09-06 06:00:00.000000
880138,5,CE-005 Owner Change,Open,2263341,2026-09-04 09:15:00,2026-09-04 14:30:00,101,Owner Change,Open,2026-09-06 06:00:00.000000
880191,8,CE-008 Code Requirement,Open,2859999,2026-09-04 09:15:00,2026-09-04 14:30:00,104,Code Requirement,Open,2026-09-06 06:00:00.000000
880211,10,CE-010 Design Error,Open,3300102,2026-09-06 09:15:00,2026-09-06 14:30:00,102,Design Error,Open,2026-09-06 06:00:00.000000
880380,17,CE-017 Owner Change,Open,2263341,2026-09-01 09:15:00,2026-09-01 14:30:00,101,Owner Change,Open,2026-09-06 06:00:00.000000
880409,19,CE-019 Owner Change,Open,3300102,2026-09-06 09:15:00,2026-09-06 14:30:00,101,Owner Change,Open,2026-09-06 06:00:00.000000
880447,21,CE-021 Owner Change,Pending,3300101,2026-09-01 09:15:00,2026-09-05 14:30:00,101,Owner Change,Pending,2026-09-06 06:00:00.000000
880465,22,CE-022 Owner Change,Open,3300102,2026-09-03 09:15:00,2026-09-03 14:30:00,101,Owner Change,Open,2026-09-06 06:00:00.000000
880533,27,CE-027 Owner Change,Open,2859999,2026-09-03 09:15:00,2026-09-03 14:30:00,101,Owner Change,Open,2026-09-06 06:00:00.000000
880668,32,CE-032 Code Requirement,Open,3300101,2026-09-05 09:15:00,2026-09-05 14:30:00,104,Code Requirement,Open,2026-09-06 06:00:00.000000
880675,33,CE-033 Owner Change,Open,3300101,2026-09-04 09:15:00,2026-09-04 14:30:00,101,Owner Change,Open,2026-09-06 06:00:00.000000
880082,3,CE-003 Design Error,Pending,3300102,2026-09-01 09:15:00,2026-09-07 14:30:00,102,Design Error,Pending,2026-09-07 06:00:00.000000
880122,4,CE-004 Design Error,Pending,2263341,2026-09-01 09:15:00,2026-09-06 14:30:00,102,Design Error,Pending,2026-09-07 06:00:00.000000
880138,5,CE-005 Owner Change,Open,2263341,2026-09-04 09:15:00,2026-09-04 14:30:00,101,Owner Change,Open,2026-09-07 06:00:00.000000
880183,7,CE-007 Owner Change,Open,3300102,2026-09-07 09:15:00,2026-09-07 14:30:00,101,Owner Change,Open,2026-09-07 06:00:00.000000
880211,10,CE-010 Design Error,Open,3300102,2026-09-06 09:15:00,2026-09-06 14:30:00,102,Design Error,Open,2026-09-07 06:00:00.000000
880269,12,CE-012 Unforeseen Condition,Open,3156696,2026-09-07 09:15:00,2026-09-07 14:30:00,103,Unforeseen Condition,Open,2026-09-07 06:00:00.000000
880344,16,CE-016 Owner Change,Open,3300103,2026-09-07 09:15:00,2026-09-07 14:30:00,101,Owner Change,Open,2026-09-07 06:00:00.000000
880380,17,CE-017 Owner Change,Pending,2263341,2026-09-01 09:15:00,2026-09-07 14:30:00,101,Owner Change,Pending,2026-09-07 06:00:00.000000
880409,19,CE-019 Owner Change,Open,3300102,2026-09-06 09:15:00,2026-09-06 14:30:00,101,Owner Change,Open,2026-09-07 06:00:00.000000
880447,21,CE-021 Owner Change,Pending,3300101,2026-09-01 09:15:00,2026-09-05 14:30:00,101,Owner Change,Pending,2026-09-07 06:00:00.000000
880465,22,CE-022 Owner Change,Open,3300102,2026-09-03 09:15:00,2026-09-03 14:30:00,101,Owner Change,Open,2026-09-07 06:00:00.000000
880492,24,CE-024 Unforeseen Condition,Open,3300102,2026-09-07 09:15:00,2026-09-07 14:30:00,103,Unforeseen Condition,Open,2026-09-07 06:00:00.000000
880533,27,CE-027 Owner Change,Closed,2859999,2026-09-03 09:15:00,2026-09-07 14:30:00,101,Owner Change,Closed,2026-09-07 06:00:00.000000
880668,32,CE-032 Code Requirement,Open,3300101,2026-09-05 09:15:00,2026-09-05 14:30:00,104,Code Requirement,Open,2026-09-07 06:00:00.000000
880675,33,CE-033 Owner Change,Open,3300101,2026-09-04 09:15:00,2026-09-04 14:30:00,101,Owner Change,Open,2026-09-07 06:00:00.000000
880082,3,CE-003 Design Error,Pending,3300102,2026-09-01 09:15:00,2026-09-07 14:30:00,102,Design Error,Pending,2026-09-07 18:00:00.000000
880122,4,CE-004 Design Error,Pending,2263341,2026-09-01 09:15:00,2026-09-06 14:30:00,102,Design Error,Pending,2026-09-07 18:00:00.000000
880138,5,CE-005 Owner Change,Open,2263341,2026-09-04 09:15:00,2026-09-04 14:30:00,101,Owner Change,Open,2026-09-07 18:00:00.000000
880183,7,CE-007 Owner Change,Open,3300102,2026-09-07 09:15:00,2026-09-07 14:30:00,101,Owner Change,Open,2026-09-07 18:00:00.000000
880211,10,CE-010 Design Error,Open,3300102,2026-09-06 09:15:00,2026-09-06 14:30:00,102,Design Error,Open,2026-09-07 18:00:00.000000
880269,12,CE-012 Unforeseen Condition,Open,3156696,2026-09-07 09:15:00,2026-09-07 14:30:00,103,Unforeseen Condition,Open,2026-09-07 18:00:00.000000
880344,16,CE-016 Owner Change,Open,3300103,2026-09-07 09:15:00,2026-09-07 14:30:00,101,Owner Change,Open,2026-09-07 18:00:00.000000
880380,17,CE-017 Owner Change,Pending,2263341,2026-09-01 09:15:00,2026-09-07 14:30:00,101,Owner Change,Pending,2026-09-07 18:00:00.000000
880409,19,CE-019 Owner Change,Open,3300102,2026-09-06 09:15:00,2026-09-06 14:30:00,101,Owner Change,Open,2026-09-07 18:00:00.000000
880447,21,CE-021 Owner Change,Pending,3300101,2026-09-01 09:15:00,2026-09-05 14:30:00,101,Owner Change,Pending,2026-09-07 18:00:00.000000
880465,22,CE-022 Owner Change,Open,3300102,2026-09-03 09:15:00,2026-09-03 14:30:00,101,Owner Change,Open,2026-09-07 18:00:00.000000
880492,24,CE-024 Unforeseen Condition,Open,3300102,2026-09-07 09:15:00,2026-09-07 14:30:00,103,Unforeseen Condition,Open,2026-09-07 18:00:00.000000
880533,27,CE-027 Owner Change,Closed,2859999,2026-09-03 09:15:00,2026-09-07 14:30:00,101,Owner Change,Closed,2026-09-07 18:00:00.000000
880668,32,CE-032 Code Requirement,Open,3300101,2026-09-05 09:15:00,2026-09-05 14:30:00,104,Code Requirement,Open,2026-09-07 18:00:00.000000
880675,33,CE-033 Owner Change,Open,3300101,2026-09-04 09:15:00,2026-09-04 14:30:00,101,Owner Change,Open,2026-09-07 18:00:00.000000
880082,3,CE-003 Design Error,Pending,3300102,2026-09-01 09:15:00,2026-09-07 14:30:00,102,Design Error,Pending,2026-09-08 06:00:00.000000
880122,4,CE-004 Design Error,Pending,2263341,2026-09-01 09:15:00,2026-09-06 14:30:00,102,Design Error,Pending,2026-09-08 06:00:00.000000
880138,5,CE-005 Owner Change,Open,2263341,2026-09-04 09:15:00,2026-09-04 14:30:00,101,Owner Change,Open,2026-09-08 06:00:00.000000
880183,7,CE-007 Owner Change,Open,3300102,2026-09-07 09:15:00,2026-09-07 14:30:00,101,Owner Change,Open,2026-09-08 06:00:00.000000
880211,10,CE-010 Design Error,Open,3300102,2026-09-06 09:15:00,2026-09-06 14:30:00,102,Design Error,Open,2026-09-08 06:00:00.000000
880269,12,CE-012 Unforeseen Condition,Open,3156696,2026-09-07 09:15:00,2026-09-07 14:30:00,103,Unforeseen Condition,Open,2026-09-08 06:00:00.000000
880344,16,CE-016 Owner Change,Open,3300103,2026-09-07 09:15:00,2026-09-07 14:30:00,101,Owner Change,Open,2026-09-08 06:00:00.000000
880380,17,CE-017 Owner Change,Pending,2263341,2026-09-01 09:15:00,2026-09-07 14:30:00,101,Owner Change,Pending,2026-09-08 06:00:00.000000
880409,19,CE-019 Owner Change,Open,3300102,2026-09-06 09:15:00,2026-09-06 14:30:00,101,Owner Change,Open,2026-09-08 06:00:00.000000
880447,21,CE-021 Owner Change,Pending,3300101,2026-09-01 09:15:00,2026-09-05 14:30:00,101,Owner Change,Pending,2026-09-08 06:00:00.000000
880465,22,CE-022 Owner Change,Closed,3300102,2026-09-03 09:15:00,2026-09-08 14:30:00,101,Owner Change,Closed,2026-09-08 06:00:00.000000
880476,23,CE-023 Design Error,Open,3300103,2026-09-08 09:15:00,2026-09-08 14:30:00,102,Design Error,Open,2026-09-08 06:00:00.000000
880492,24,CE-024 Unforeseen Condition,Open,3300102,2026-09-07 09:15:00,2026-09-07 14:30:00,103,Unforeseen Condition,Open,2026-09-08 06:00:00.000000
880527,26,CE-026 Design Error,Open,3300102,2026-09-08 09:15:00,2026-09-08 14:30:00,102,Design Error,Open,2026-09-08 06:00:00.000000
880533,27,CE-027 Owner Change,Closed,2859999,2026-09-03 09:15:00,2026-09-07 14:30:00,101,Owner Change,Closed,2026-09-08 06:00:00.000000
880553,28,CE-028 Design Error,Open,3300103,2026-09-08 09:15:00,2026-09-08 14:30:00,102,Design Error,Open,2026-09-08 06:00:00.000000
880592,29,CE-029 Code Requirement,Open,3300101,2026-09-08 09:15:00,2026-09-08 14:30:00,104,Code Requirement,Open,2026-09-08 06:00:00.000000
880668,32,CE-032 Code Requirement,Pending,3300101,2026-09-05 09:15:00,2026-09-08 14:30:00,104,Code Requirement,Pending,2026-09-08 06:00:00.000000
880675,33,CE-033 Owner Change,Open,3300101,2026-09-04 09:15:00,2026-09-04 14:30:00,101,Owner Change,Open,2026-09-08 06:00:00.000000
880753,36,CE-036 Design Error,Open,3300103,2026-09-08 09:15:00,2026-09-08 14:30:00,102,Design Error,Open,2026-09-08 06:00:00.000000
880010,1,CE-001 Design Error,Open,3156696,2026-09-09 09:15:00,2026-09-09 14:30:00,102,Design Error,Open,2026-09-09 06:00:00.000000
880082,3,CE-003 Design Error,Pending,3300102,2026-09-01 09:15:00,2026-09-07 14:30:00,102,Design Error,Pending,2026-09-09 06:00:00.000000
880122,4,CE-004 Design Error,Pending,2263341,2026-09-01 09:15:00,2026-09-06 14:30:00,102,Design Error,Pending,2026-09-09 06:00:00.000000
880138,5,CE-005 Owner Change,Closed,2263341,2026-09-04 09:15:00,2026-09-09 14:30:00,101,Owner Change,Closed,2026-09-09 06:00:00.000000
880183,7,CE-007 Owner Change,Open,3300102,2026-09-07 09:15:00,2026-09-09 14:30:00,101,Owner Change,Open,2026-09-09 06:00:00.000000
880211,10,CE-010 Design Error,Pending,3300102,2026-09-06 09:15:00,2026-09-09 14:30:00,102,Design Error,Pending,2026-09-09 06:00:00.000000
880269,12,CE-012 Unforeseen Condition,Open,3156696,2026-09-07 09:15:00,2026-09-07 14:30:00,103,Unforeseen Condition,Open,2026-09-09 06:00:00.000000
880301,13,CE-013 Design Error,Open,2859999,2026-09-09 09:15:00,2026-09-09 14:30:00,102,Design Error,Open,2026-09-09 06:00:00.000000
880344,16,CE-016 Owner Change,Open,3300103,2026-09-07 09:15:00,2026-09-07 14:30:00,101,Owner Change,Open,2026-09-09 06:00:00.000000
880380,17,CE-017 Owner Change,Pending,2263341,2026-09-01 09:15:00,2026-09-07 14:30:00,101,Owner Change,Pending,2026-09-09 06:00:00.000000
880409,19,CE-019 Owner Change,Open,3300102,2026-09-06 09:15:00,2026-09-06 14:30:00,101,Owner Change,Open,2026-09-09 06:00:00.000000
880447,21,CE-021 Owner Change,Pending,3300101,2026-09-01 09:15:00,2026-09-05 14:30:00,101,Owner Change,Pending,2026-09-09 06:00:00.000000
880465,22,CE-022 Owner Change,Closed,3300102,2026-09-03 09:15:00,2026-09-08 14:30:00,101,Owner Change,Closed,2026-09-09 06:00:00.000000
880476,23,CE-023 Design Error,Open,3300103,2026-09-08 09:15:00,2026-09-08 14:30:00,102,Design Error,Open,2026-09-09 06:00:00.000000
880492,24,CE-024 Unforeseen Condition,Open,3300102,2026-09-07 09:15:00,2026-09-07 14:30:00,103,Unforeseen Condition,Open,2026-09-09 06:00:00.000000
880527,26,CE-026 Design Error,Open,3300102,2026-09-08 09:15:00,2026-09-08 14:30:00,102,Design Error,Open,2026-09-09 06:00:00.000000
880533,27,CE-027 Owner Change,Closed,2859999,2026-09-03 09:15:00,2026-09-07 14:30:00,101,Owner Change,Closed,2026-09-09 06:00:00.000000
880553,28,CE-028 Design Error,Open,3300103,2026-09-08 09:15:00,2026-09-08 14:30:00,102,Design Error,Open,2026-09-09 06:00:00.000000
880592,29,CE-029 Code Requirement,Open,3300101,2026-09-08 09:15:00,2026-09-08 14:30:00,104,Code Requirement,Open,2026-09-09 06:00:00.000000
880668,32,CE-032 Code Requirement,Pending,3300101,2026-09-05 09:15:00,2026-09-08 14:30:00,104,Code Requirement,Pending,2026-09-09 06:00:00.000000
880675,33,CE-033 Owner Change,Open,3300101,2026-09-04 09:15:00,2026-09-04 14:30:00,101,Owner Change,Open,2026-09-09 06:00:00.000000
880753,36,CE-036 Design Error,Open,3300103,2026-09-08 09:15:00,2026-09-08 14:30:00,102,Design Error,Open,2026-09-09 06:00:00.000000
880010,1,CE-001 Design Error,Open,3156696,2026-09-09 09:15:00,2026-09-09 14:30:00,102,Design Error,Open,2026-09-10 06:00:00.000000
880082,3,CE-003 Design Error,Pending,3300102,2026-09-01 09:15:00,2026-09-07 14:30:00,102,Design Error,Pending,2026-09-10 06:00:00.000000
880122,4,CE-004 Design Error,Pending,2263341,2026-09-01 09:15:00,2026-09-06 14:30:00,102,Design Error,Pending,2026-09-10 06:00:00.000000
880138,5,CE-005 Owner Change,Closed,2263341,2026-09-04 09:15:00,2026-09-09 14:30:00,101,Owner Change,Closed,2026-09-10 06:00:00.000000
880183,7,CE-007 Owner Change,Open,3300102,2026-09-07 09:15:00,2026-09-09 14:30:00,101,Owner Change,Open,2026-09-10 06:00:00.000000
880211,10,CE-010 Design Error,Pending,3300102,2026-09-06 09:15:00,2026-09-09 14:30:00,102,Design Error,Pending,2026-09-10 06:00:00.000000
880269,12,CE-012 Unforeseen Condition,Open,3156696,2026-09-07 09:15:00,2026-09-10 14:30:00,103,Unforeseen Condition,Open,2026-09-10 06:00:00.000000
880301,13,CE-013 Design Error,Open,2859999,2026-09-09 09:15:00,2026-09-09 14:30:00,102,Design Error,Open,2026-09-10 06:00:00.000000
880320,14,CE-014 Code Requirement,Open,3300103,2026-09-10 09:15:00,2026-09-10 14:30:00,104,Code Requirement,Open,2026-09-10 06:00:00.000000
880344,16,CE-016 Owner Change,Open,3300103,2026-09-07 09:15:00,2026-09-07 14:30:00,101,Owner Change,Open,2026-09-10 06:00:00.000000
880380,17,CE-017 Owner Change,Pending,2263341,2026-09-01 09:15:00,2026-09-07 14:30:00,101,Owner Change,Pending,2026-09-10 06:00:00.000000
880409,19,CE-019 Owner Change,Open,3300102,2026-09-06 09:15:00,2026-09-10 14:30:00,101,Owner Change,Open,2026-09-10 06:00:00.000000
880447,21,CE-021 Owner Change,Pending,3300101,2026-09-01 09:15:00,2026-09-05 14:30:00,101,Owner Change,Pending,2026-09-10 06:00:00.000000
880465,22,CE-022 Owner Change,Closed,3300102,2026-09-03 09:15:00,2026-09-08 14:30:00,101,Owner Change,Closed,2026-09-10 06:00:00.000000
880476,23,CE-023 Design Error,Open,3300103,2026-09-08 09:15:00,2026-09-08 14:30:00,102,Design Error,Open,2026-09-10 06:00:00.000000
880492,24,CE-024 Unforeseen Condition,Open,3300102,2026-09-07 09:15:00,2026-09-07 14:30:00,103,Unforeseen Condition,Open,2026-09-10 06:00:00.000000
880527,26,CE-026 Design Error,Closed,3300102,2026-09-08 09:15:00,2026-09-10 14:30:00,102,Design Error,Closed,2026-09-10 06:00:00.000000
880533,27,CE-027 Owner Change,Closed,2859999,2026-09-03 09:15:00,2026-09-07 14:30:00,101,Owner Change,Closed,2026-09-10 06:00:00.000000
880553,28,CE-028 Design Error,Open,3300103,2026-09-08 09:15:00,2026-09-08 14:30:00,102,Design Error,Open,2026-09-10 06:00:00.000000
880592,29,CE-029 Code Requirement,Open,3300101,2026-09-08 09:15:00,2026-09-08 14:30:00,104,Code Requirement,Open,2026-09-10 06:00:00.000000
880668,32,CE-032 Code Requirement,Pending,3300101,2026-09-05 09:15:00,2026-09-08 14:30:00,104,Code Requirement,Pending,2026-09-10 06:00:00.000000
880675,33,CE-033 Owner Change,Closed,3300101,2026-09-04 09:15:00,2026-09-10 14:30:00,101,Owner Change,Closed,2026-09-10 06:00:00.000000
880753,36,CE-036 Design Error,Open,3300103,2026-09-08 09:15:00,2026-09-08 14:30:00,102,Design Error,Open,2026-09-10 06:00:00.000000
880010,1,CE-001 Design Error,Open,3156696,2026-09-09 09:15:00,2026-09-09 14:30:00,102,Design Error,Open,2026-09-10 18:00:00.000000
880082,3,CE-003 Design Error,Pending,3300102,2026-09-01 09:15:00,2026-09-07 14:30:00,102,Design Error,Pending,2026-09-10 18:00:00.000000
880122,4,CE-004 Design Error,Pending,2263341,2026-09-01 09:15:00,2026-09-06 14:30:00,102,Design Error,Pending,2026-09-10 18:00:00.000000
880138,5,CE-005 Owner Change,Closed,2263341,2026-09-04 09:15:00,2026-09-09 14:30:00,101,Owner Change,Closed,2026-09-10 18:00:00.000000
880183,7,CE-007 Owner Change,Open,3300102,2026-09-07 09:15:00,2026-09-09 14:30:00,101,Owner Change,Open,2026-09-10 18:00:00.000000
880211,10,CE-010 Design Error,Pending,3300102,2026-09-06 09:15:00,2026-09-09 14:30:00,102,Design Error,Pending,2026-09-10 18:00:00.000000
880269,12,CE-012 Unforeseen Condition,Open,3156696,2026-09-07 09:15:00,2026-09-10 14:30:00,103,Unforeseen Condition,Open,2026-09-10 18:00:00.000000
880301,13,CE-013 Design Error,Open,2859999,2026-09-09 09:15:00,2026-09-09 14:30:00,102,Design Error,Open,2026-09-10 18:00:00.000000
880320,14,CE-014 Code Requirement,Open,3300103,2026-09-10 09:15:00,2026-09-10 14:30:00,104,Code Requirement,Open,2026-09-10 18:00:00.000000
880344,16,CE-016 Owner Change,Open,3300103,2026-09-07 09:15:00,2026-09-07 14:30:00,101,Owner Change,Open,2026-09-10 18:00:00.000000
880380,17,CE-017 Owner Change,Pending,2263341,2026-09-01 09:15:00,2026-09-07 14:30:00,101,Owner Change,Pending,2026-09-10 18:00:00.000000
880409,19,CE-019 Owner Change,Open,3300102,2026-09-06 09:15:00,2026-09-10 14:30:00,101,Owner Change,Open,2026-09-10 18:00:00.000000
880447,21,CE-021 Owner Change,Pending,3300101,2026-09-01 09:15:00,2026-09-05 14:30:00,101,Owner Change,Pending,2026-09-10 18:00:00.000000
880465,22,CE-022 Owner Change,Closed,3300102,2026-09-03 09:15:00,2026-09-08 14:30:00,101,Owner Change,Closed,2026-09-10 18:00:00.000000
880476,23,CE-023 Design Error,Open,3300103,2026-09-08 09:15:00,2026-09-08 14:30:00,102,Design Error,Open,2026-09-10 18:00:00.000000
880492,24,CE-024 Unforeseen Condition,Open,3300102,2026-09-07 09:15:00,2026-09-07 14:30:00,103,Unforeseen Condition,Open,2026-09-10 18:00:00.000000
880527,26,CE-026 Design Error,Closed,3300102,2026-09-08 09:15:00,2026-09-10 14:30:00,102,Design Error,Closed,2026-09-10 18:00:00.000000
880533,27,CE-027 Owner Change,Closed,2859999,2026-09-03 09:15:00,2026-09-07 14:30:00,101,Owner Change,Closed,2026-09-10 18:00:00.000000
880553,28,CE-028 Design Error,Open,3300103,2026-09-08 09:15:00,2026-09-08 14:30:00,102,Design Error,Open,2026-09-10 18:00:00.000000
880592,29,CE-029 Code Requirement,Open,3300101,2026-09-08 09:15:00,2026-09-08 14:30:00,104,Code Requirement,Open,2026-09-10 18:00:00.000000
880668,32,CE-032 Code Requirement,Pending,3300101,2026-09-05 09:15:00,2026-09-08 14:30:00,104,Code Requirement,Pending,2026-09-10 18:00:00.000000
880675,33,CE-033 Owner Change,Closed,3300101,2026-09-04 09:15:00,2026-09-10 14:30:00,101,Owner Change,Closed,2026-09-10 18:00:00.000000
880753,36,CE-036 Design Error,Open,3300103,2026-09-08 09:15:00,2026-09-08 14:30:00,102,Design Error,Open,2026-09-10 18:00:00.000000
880010,1,CE-001 Design Error,Open,3156696,2026-09-09 09:15:00,2026-09-09 14:30:00,102,Design Error,Open,2026-09-11 06:00:00.000000
880082,3,CE-003 Design Error,Pending,3300102,2026-09-01 09:15:00,2026-09-07 14:30:00,102,Design Error,Pending,2026-09-11 06:00:00.000000
880122,4,CE-004 Design Error,Pending,2263341,2026-09-01 09:15:00,2026-09-06 14:30:00,102,Design Error,Pending,2026-09-11 06:00:00.000000
880138,5,CE-005 Owner Change,Closed,2263341,2026-09-04 09:15:00,2026-09-09 14:30:00,101,Owner Change,Closed,2026-09-11 06:00:00.000000
880183,7,CE-007 Owner Change,Open,3300102,2026-09-07 09:15:00,2026-09-09 14:30:00,101,Owner Change,Open,2026-09-11 06:00:00.000000
880211,10,CE-010 Design Error,Pending,3300102,2026-09-06 09:15:00,2026-09-09 14:30:00,102,Design Error,Pending,2026-09-11 06:00:00.000000
880249,11,CE-011 Owner Change,Open,2859999,2026-09-11 09:15:00,2026-09-11 14:30:00,101,Owner Change,Open,2026-09-11 06:00:00.000000
880269,12,CE-012 Unforeseen Condition,Open,3156696,2026-09-07 09:15:00,2026-09-10 14:30:00,103,Unforeseen Condition,Open,2026-09-11 06:00:00.000000
880301,13,CE-013 Design Error,Open,2859999,2026-09-09 09:15:00,2026-09-09 14:30:00,102,Design Error,Open,2026-09-11 06:00:00.000000
880320,14,CE-014 Code Requirement,Open,3300103,2026-09-10 09:15:00,2026-09-10 14:30:00,104,Code Requirement,Open,2026-09-11 06:00:00.000000
880344,16,CE-016 Owner Change,Open,3300103,2026-09-07 09:15:00,2026-09-07 14:30:00,101,Owner Change,Open,2026-09-11 06:00:00.000000
880380,17,CE-017 Owner Change,Pending,2263341,2026-09-01 09:15:00,2026-09-07 14:30:00,101,Owner Change,Pending,2026-09-11 06:00:00.000000
880409,19,CE-019 Owner Change,Open,3300102,2026-09-06 09:15:00,2026-09-10 14:30:00,101,Owner Change,Open,2026-09-11 06:00:00.000000
880447,21,CE-021 Owner Change,Pending,3300101,2026-09-01 09:15:00,2026-09-05 14:30:00,101,Owner Change,Pending,2026-09-11 06:00:00.000000
880465,22,CE-022 Owner Change,Closed,3300102,2026-09-03 09:15:00,2026-09-08 14:30:00,101,Owner Change,Closed,2026-09-11 06:00:00.000000
880476,23,CE-023 Design Error,Open,3300103,2026-09-08 09:15:00,2026-09-08 14:30:00,102,Design Error,Open,2026-09-11 06:00:00.000000
880492,24,CE-024 Unforeseen Condition,Open,3300102,2026-09-07 09:15:00,2026-09-07 14:30:00,103,Unforeseen Condition,Open,2026-09-11 06:00:00.000000
880527,26,CE-026 Design Error,Closed,3300102,2026-09-08 09:15:00,2026-09-10 14:30:00,102,Design Error,Closed,2026-09-11 06:00:00.000000
880533,27,CE-027 Owner Change,Closed,2859999,2026-09-03 09:15:00,2026-09-07 14:30:00,101,Owner Change,Closed,2026-09-11 06:00:00.000000
880553,28,CE-028 Design Error,Open,3300103,2026-09-08 09:15:00,2026-09-08 14:30:00,102,Design Error,Open,2026-09-11 06:00:00.000000
880592,29,CE-029 Code Requirement,Open,3300101,2026-09-08 09:15:00,2026-09-08 14:30:00,104,Code Requirement,Open,2026-09-11 06:00:00.000000
880668,32,CE-032 Code Requirement,Pending,3300101,2026-09-05 09:15:00,2026-09-08 14:30:00,104,Code Requirement,Pending,2026-09-11 06:00:00.000000
880675,33,CE-033 Owner Change,Closed,3300101,2026-09-04 09:15:00,2026-09-10 14:30:00,101,Owner Change,Closed,2026-09-11 06:00:00.000000
880753,36,CE-036 Design Error,Pending,3300103,2026-09-08 09:15:00,2026-09-11 14:30:00,102,Design Error,Pending,2026-09-11 06:00:00.000000
880010,1,CE-001 Design Error,Closed,3156696,2026-09-09 09:15:00,2026-09-12 14:30:00,102,Design Error,Closed,2026-09-12 06:00:00.000000
880082,3,CE-003 Design Error,Pending,3300102,2026-09-01 09:15:00,2026-09-07 14:30:00,102,Design Error,Pending,2026-09-12 06:00:00.000000
880122,4,CE-004 Design Error,Pending,2263341,2026-09-01 09:15:00,2026-09-06 14:30:00,102,Design Error,Pending,2026-09-12 06:00:00.000000
880138,5,CE-005 Owner Change,Closed,2263341,2026-09-04 09:15:00,2026-09-09 14:30:00,101,Owner Change,Closed,2026-09-12 06:00:00.000000
880183,7,CE-007 Owner Change,Open,3300102,2026-09-07 09:15:00,2026-09-09 14:30:00,101,Owner Change,Open,2026-09-12 06:00:00.000000
880204,9,CE-009 Design Error,Open,2263341,2026-09-12 09:15:00,2026-09-12 14:30:00,102,Design Error,Open,2026-09-12 06:00:00.000000
880211,10,CE-010 Design Error,Pending,3300102,2026-09-06 09:15:00,2026-09-09 14:30:00,102,Design Error,Pending,2026-09-12 06:00:00.000000
880249,11,CE-011 Owner Change,Open,2859999,2026-09-11 09:15:00,2026-09-11 14:30:00,101,Owner Change,Open,2026-09-12 06:00:00.000000
880269,12,CE-012 Unforeseen Condition,Open,3156696,2026-09-07 09:15:00,2026-09-10 14:30:00,103,Unforeseen Condition,Open,2026-09-12 06:00:00.000000
880301,13,CE-013 Design Error,Open,2859999,2026-09-09 09:15:00,2026-09-12 14:30:00,102,Design Error,Open,2026-09-12 06:00:00.000000
880320,14,CE-014 Code Requirement,Open,3300103,2026-09-10 09:15:00,2026-09-10 14:30:00,104,Code Requirement,Open,2026-09-12 06:00:00.000000
880344,16,CE-016 Owner Change,Pending,3300103,2026-09-07 09:15:00,2026-09-12 14:30:00,101,Owner Change,Pending,2026-09-12 06:00:00.000000
880380,17,CE-017 Owner Change,Pending,2263341,2026-09-01 09:15:00,2026-09-07 14:30:00,101,Owner Change,Pending,2026-09-12 06:00:00.000000
880409,19,CE-019 Owner Change,Open,3300102,2026-09-06 09:15:00,2026-09-10 14:30:00,101,Owner Change,Open,2026-09-12 06:00:00.000000
880424,20,CE-020 Design Error,Open,2859999,2026-09-12 09:15:00,2026-09-12 14:30:00,102,Design Error,Open,2026-09-12 06:00:00.000000
880447,21,CE-021 Owner Change,Pending,3300101,2026-09-01 09:15:00,2026-09-05 14:30:00,101,Owner Change,Pending,2026-09-12 06:00:00.000000
880465,22,CE-022 Owner Change,Closed,3300102,2026-09-03 09:15:00,2026-09-08 14:30:00,101,Owner Change,Closed,2026-09-12 06:00:00.000000
880476,23,CE-023 Design Error,Open,3300103,2026-09-08 09:15:00,2026-09-12 14:30:00,102,Design Error,Open,2026-09-12 06:00:00.000000
880492,24,CE-024 Unforeseen Condition,Open,3300102,2026-09-07 09:15:00,2026-09-12 14:30:00,103,Unforeseen Condition,Open,2026-09-12 06:00:00.000000
880527,26,CE-026 Design Error,Closed,3300102,2026-09-08 09:15:00,2026-09-10 14:30:00,102,Design Error,Closed,2026-09-12 06:00:00.000000
880533,27,CE-027 Owner Change,Closed,2859999,2026-09-03 09:15:00,2026-09-07 14:30:00,101,Owner Change,Closed,2026-09-12 06:00:00.000000
880553,28,CE-028 Design Error,Open,3300103,2026-09-08 09:15:00,2026-09-08 14:30:00,102,Design Error,Open,2026-09-12 06:00:00.000000
880592,29,CE-029 Code Requirement,Open,3300101,2026-09-08 09:15:00,2026-09-08 14:30:00,104,Code Requirement,Open,2026-09-12 06:00:00.000000
880668,32,CE-032 Code Requirement,Pending,3300101,2026-09-05 09:15:00,2026-09-08 14:30:00,104,Code Requirement,Pending,2026-09-12 06:00:00.000000
880675,33,CE-033 Owner Change,Closed,3300101,2026-09-04 09:15:00,2026-09-10 14:30:00,101,Owner Change,Closed,2026-09-12 06:00:00.000000
880753,36,CE-036 Design Error,Pending,3300103,2026-09-08 09:15:00,2026-09-11 14:30:00,102,Design Error,Pending,2026-09-12 06:00:00.000000
880010,1,CE-001 Design Error,Closed,3156696,2026-09-09 09:15:00,2026-09-12 14:30:00,102,Design Error,Closed,2026-09-13 06:00:00.000000
880082,3,CE-003 Design Error,Pending,3300102,2026-09-01 09:15:00,2026-09-07 14:30:00,102,Design Error,Pending,2026-09-13 06:00:00.000000
880122,4,CE-004 Design Error,Pending,2263341,2026-09-01 09:15:00,2026-09-06 14:30:00,102,Design Error,Pending,2026-09-13 06:00:00.000000
880138,5,CE-005 Owner Change,Closed,2263341,2026-09-04 09:15:00,2026-09-09 14:30:00,101,Owner Change,Closed,2026-09-13 06:00:00.000000
880183,7,CE-007 Owner Change,Open,3300102,2026-09-07 09:15:00,2026-09-09 14:30:00,101,Owner Change,Open,2026-09-13 06:00:00.000000
880204,9,CE-009 Design Error,Open,2263341,2026-09-12 09:15:00,2026-09-12 14:30:00,102,Design Error,Open,2026-09-13 06:00:00.000000
880211,10,CE-010 Design Error,Pending,3300102,2026-09-06 09:15:00,2026-09-09 14:30:00,102,Design Error,Pending,2026-09-13 06:00:00.000000
880249,11,CE-011 Owner Change,Open,2859999,2026-09-11 09:15:00,2026-09-11 14:30:00,101,Owner Change,Open,2026-09-13 06:00:00.000000
880269,12,CE-012 Unforeseen Condition,Open,3156696,2026-09-07 09:15:00,2026-09-10 14:30:00,103,Unforeseen Condition,Open,2026-09-13 06:00:00.000000
880301,13,CE-013 Design Error,Open,2859999,2026-09-09 09:15:00,2026-09-12 14:30:00,102,Design Error,Open,2026-09-13 06:00:00.000000
880320,14,CE-014 Code Requirement,Open,3300103,2026-09-10 09:15:00,2026-09-10 14:30:00,104,Code Requirement,Open,2026-09-13 06:00:00.000000
880344,16,CE-016 Owner Change,Pending,3300103,2026-09-07 09:15:00,2026-09-12 14:30:00,101,Owner Change,Pending,2026-09-13 06:00:00.000000
880380,17,CE-017 Owner Change,Pending,2263341,2026-09-01 09:15:00,2026-09-07 14:30:00,101,Owner Change,Pending,2026-09-13 06:00:00.000000
880409,19,CE-019 Owner Change,Open,3300102,2026-09-06 09:15:00,2026-09-10 14:30:00,101,Owner Change,Open,2026-09-13 06:00:00.000000
880424,20,CE-020 Design Error,Open,2859999,2026-09-12 09:15:00,2026-09-12 14:30:00,102,Design Error,Open,2026-09-13 06:00:00.000000
880447,21,CE-021 Owner Change,Pending,3300101,2026-09-01 09:15:00,2026-09-05 14:30:00,101,Owner Change,Pending,2026-09-13 06:00:00.000000
880465,22,CE-022 Owner Change,Closed,3300102,2026-09-03 09:15:00,2026-09-08 14:30:00,101,Owner Change,Closed,2026-09-13 06:00:00.000000
880476,23,CE-023 Design Error,Open,3300103,2026-09-08 09:15:00,2026-09-12 14:30:00,102,Design Error,Open,2026-09-13 06:00:00.000000
880492,24,CE-024 Unforeseen Condition,Open,3300102,2026-09-07 09:15:00,2026-09-12 14:30:00,103,Unforeseen Condition,Open,2026-09-13 06:00:00.000000
880527,26,CE-026 Design Error,Closed,3300102,2026-09-08 09:15:00,2026-09-10 14:30:00,102,Design Error,Closed,2026-09-13 06:00:00.000000
880533,27,CE-027 Owner Change,Closed,2859999,2026-09-03 09:15:00,2026-09-07 14:30:00,101,Owner Change,Closed,2026-09-13 06:00:00.000000
880553,28,CE-028 Design Error,Open,3300103,2026-09-08 09:15:00,2026-09-08 14:30:00,102,Design Error,Open,2026-09-13 06:00:00.000000
880592,29,CE-029 Code Requirement,Closed,3300101,2026-09-08 09:15:00,2026-09-13 14:30:00,104,Code Requirement,Closed,2026-09-13 06:00:00.000000
880631,31,CE-031 Unforeseen Condition,Open,3156696,2026-09-13 09:15:00,2026-09-13 14:30:00,103,Unforeseen Condition,Open,2026-09-13 06:00:00.000000
880668,32,CE-032 Code Requirement,Pending,3300101,2026-09-05 09:15:00,2026-09-08 14:30:00,104,Code Requirement,Pending,2026-09-13 06:00:00.000000
880675,33,CE-033 Owner Change,Closed,3300101,2026-09-04 09:15:00,2026-09-10 14:30:00,101,Owner Change,Closed,2026-09-13 06:00:00.000000
880715,35,CE-035 Unforeseen Condition,Open,3156696,2026-09-13 09:15:00,2026-09-13 14:30:00,103,Unforeseen Condition,Open,2026-09-13 06:00:00.000000
880753,36,CE-036 Design Error,Pending,3300103,2026-09-08 09:15:00,2026-09-11 14:30:00,102,Design Error,Pending,2026-09-13 06:00:00.000000
880010,1,CE-001 Design Error,Closed,3156696,2026-09-09 09:15:00,2026-09-12 14:30:00,102,Design Error,Closed,2026-09-13 18:00:00.000000
880082,3,CE-003 Design Error,Pending,3300102,2026-09-01 09:15:00,2026-09-07 14:30:00,102,Design Error,Pending,2026-09-13 18:00:00.000000
880122,4,CE-004 Design Error,Pending,2263341,2026-09-01 09:15:00,2026-09-06 14:30:00,102,Design Error,Pending,2026-09-13 18:00:00.000000
880138,5,CE-005 Owner Change,Closed,2263341,2026-09-04 09:15:00,2026-09-09 14:30:00,101,Owner Change,Closed,2026-09-13 18:00:00.000000
880183,7,CE-007 Owner Change,Open,3300102,2026-09-07 09:15:00,2026-09-09 14:30:00,101,Owner Change,Open,2026-09-13 18:00:00.000000
880204,9,CE-009 Design Error,Open,2263341,2026-09-12 09:15:00,2026-09-12 14:30:00,102,Design Error,Open,2026-09-13 18:00:00.000000
880211,10,CE-010 Design Error,Pending,3300102,2026-09-06 09:15:00,2026-09-09 14:30:00,102,Design Error,Pending,2026-09-13 18:00:00.000000
880249,11,CE-011 Owner Change,Open,2859999,2026-09-11 09:15:00,2026-09-11 14:30:00,101,Owner Change,Open,2026-09-13 18:00:00.000000
880269,12,CE-012 Unforeseen Condition,Open,3156696,2026-09-07 09:15:00,2026-09-10 14:30:00,103,Unforeseen Condition,Open,2026-09-13 18:00:00.000000
880301,13,CE-013 Design Error,Open,2859999,2026-09-09 09:15:00,2026-09-12 14:30:00,102,Design Error,Open,2026-09-13 18:00:00.000000
880320,14,CE-014 Code Requirement,Open,3300103,2026-09-10 09:15:00,2026-09-10 14:30:00,104,Code Requirement,Open,2026-09-13 18:00:00.000000
880344,16,CE-016 Owner Change,Pending,3300103,2026-09-07 09:15:00,2026-09-12 14:30:00,101,Owner Change,Pending,2026-09-13 18:00:00.000000
880380,17,CE-017 Owner Change,Pending,2263341,2026-09-01 09:15:00,2026-09-07 14:30:00,101,Owner Change,Pending,2026-09-13 18:00:00.000000
880409,19,CE-019 Owner Change,Open,3300102,2026-09-06 09:15:00,2026-09-10 14:30:00,101,Owner Change,Open,2026-09-13 18:00:00.000000
880424,20,CE-020 Design Error,Open,2859999,2026-09-12 09:15:00,2026-09-12 14:30:00,102,Design Error,Open,2026-09-13 18:00:00.000000
880447,21,CE-021 Owner Change,Pending,3300101,2026-09-01 09:15:00,2026-09-05 14:30:00,101,Owner Change,Pending,2026-09-13 18:00:00.000000
880465,22,CE-022 Owner Change,Closed,3300102,2026-09-03 09:15:00,2026-09-08 14:30:00,101,Owner Change,Closed,2026-09-13 18:00:00.000000
880476,23,CE-023 Design Error,Open,3300103,2026-09-08 09:15:00,2026-09-12 14:30:00,102,Design Error,Open,2026-09-13 18:00:00.000000
880492,24,CE-024 Unforeseen Condition,Open,3300102,2026-09-07 09:15:00,2026-09-12 14:30:00,103,Unforeseen Condition,Open,2026-09-13 18:00:00.000000
880527,26,CE-026 Design Error,Closed,3300102,2026-09-08 09:15:00,2026-09-10 14:30:00,102,Design Error,Closed,2026-09-13 18:00:00.000000
880533,27,CE-027 Owner Change,Closed,2859999,2026-09-03 09:15:00,2026-09-07 14:30:00,101,Owner Change,Closed,2026-09-13 18:00:00.000000
880553,28,CE-028 Design Error,Open,3300103,2026-09-08 09:15:00,2026-09-08 14:30:00,102,Design Error,Open,2026-09-13 18:00:00.000000
880592,29,CE-029 Code Requirement,Closed,3300101,2026-09-08 09:15:00,2026-09-13 14:30:00,104,Code Requirement,Closed,2026-09-13 18:00:00.000000
880631,31,CE-031 Unforeseen Condition,Open,3156696,2026-09-13 09:15:00,2026-09-13 14:30:00,103,Unforeseen Condition,Open,2026-09-13 18:00:00.000000
880668,32,CE-032 Code Requirement,Pending,3300101,2026-09-05 09:15:00,2026-09-08 14:30:00,104,Code Requirement,Pending,2026-09-13 18:00:00.000000
880675,33,CE-033 Owner Change,Closed,3300101,2026-09-04 09:15:00,2026-09-10 14:30:00,101,Owner Change,Closed,2026-09-13 18:00:00.000000
880715,35,CE-035 Unforeseen Condition,Open,3156696,2026-09-13 09:15:00,2026-09-13 14:30:00,103,Unforeseen Condition,Open,2026-09-13 18:00:00.000000
880753,36,CE-036 Design Error,Pending,3300103,2026-09-08 09:15:00,2026-09-11 14:30:00,102,Design Error,Pending,2026-09-13 18:00:00.000000
880010,1,CE-001 Design Error,Closed,3156696,2026-09-09 09:15:00,2026-09-12 14:30:00,102,Design Error,Closed,2026-09-14 06:00:00.000000
880047,2,CE-002 Owner Change,Open,3156696,2026-09-14 09:15:00,2026-09-14 14:30:00,101,Owner Change,Open,2026-09-14 06:00:00.000000
880082,3,CE-003 Design Error,Pending,3300102,2026-09-01 09:15:00,2026-09-07 14:30:00,102,Design Error,Pending,2026-09-14 06:00:00.000000
880122,4,CE-004 Design Error,Pending,2263341,2026-09-01 09:15:00,2026-09-06 14:30:00,102,Design Error,Pending,2026-09-14 06:00:00.000000
880138,5,CE-005 Owner Change,Closed,2263341,2026-09-04 09:15:00,2026-09-09 14:30:00,101,Owner Change,Closed,2026-09-14 06:00:00.000000
880183,7,CE-007 Owner Change,Open,3300102,2026-09-07 09:15:00,2026-09-09 14:30:00,101,Owner Change,Open,2026-09-14 06:00:00.000000
880204,9,CE-009 Design Error,Open,2263341,2026-09-12 09:15:00,2026-09-12 14:30:00,102,Design Error,Open,2026-09-14 06:00:00.000000
880211,10,CE-010 Design Error,Pending,3300102,2026-09-06 09:15:00,2026-09-09 14:30:00,102,Design Error,Pending,2026-09-14 06:00:00.000000
880249,11,CE-011 Owner Change,Closed,2859999,2026-09-11 09:15:00,2026-09-14 14:30:00,101,Owner Change,Closed,2026-09-14 06:00:00.000000
880269,12,CE-012 Unforeseen Condition,Open,3156696,2026-09-07 09:15:00,2026-09-10 14:30:00,103,Unforeseen Condition,Open,2026-09-14 06:00:00.000000
880301,13,CE-013 Design Error,Open,2859999,2026-09-09 09:15:00,2026-09-12 14:30:00,102,Design Error,Open,2026-09-14 06:00:00.000000
880320,14,CE-014 Code Requirement,Open,3300103,2026-09-10 09:15:00,2026-09-10 14:30:00,104,Code Requirement,Open,2026-09-14 06:00:00.000000
880344,16,CE-016 Owner Change,Pending,3300103,2026-09-07 09:15:00,2026-09-12 14:30:00,101,Owner Change,Pending,2026-09-14 06:00:00.000000
880380,17,CE-017 Owner Change,Pending,2263341,2026-09-01 09:15:00,2026-09-07 14:30:00,101,Owner Change,Pending,2026-09-14 06:00:00.000000
880390,18,CE-018 Design Error,Open,2263341,2026-09-14 09:15:00,2026-09-14 14:30:00,102,Design Error,Open,2026-09-14 06:00:00.000000
880409,19,CE-019 Owner Change,Open,3300102,2026-09-06 09:15:00,2026-09-10 14:30:00,101,Owner Change,Open,2026-09-14 06:00:00.000000
880424,20,CE-020 Design Error,Open,2859999,2026-09-12 09:15:00,2026-09-12 14:30:00,102,Design Error,Open,2026-09-14 06:00:00.000000
880447,21,CE-021 Owner Change,Pending,3300101,2026-09-01 09:15:00,2026-09-05 14:30:00,101,Owner Change,Pending,2026-09-14 06:00:00.000000
880465,22,CE-022 Owner Change,Closed,3300102,2026-09-03 09:15:00,2026-09-08 14:30:00,101,Owner Change,Closed,2026-09-14 06:00:00.000000
880476,23,CE-023 Design Error,Open,3300103,2026-09-08 09:15:00,2026-09-12 14:30:00,102,Design Error,Open,2026-09-14 06:00:00.000000
880492,24,CE-024 Unforeseen Condition,Open,3300102,2026-09-07 09:15:00,2026-09-12 14:30:00,103,Unforeseen Condition,Open,2026-09-14 06:00:00.000000
880527,26,CE-026 Design Error,Closed,3300102,2026-09-08 09:15:00,2026-09-10 14:30:00,102,Design Error,Closed,2026-09-14 06:00:00.000000
880533,27,CE-027 Owner Change,Closed,2859999,2026-09-03 09:15:00,2026-09-07 14:30:00,101,Owner Change,Closed,2026-09-14 06:00:00.000000
880553,28,CE-028 Design Error,Closed,3300103,2026-09-08 09:15:00,2026-09-14 14:30:00,102,Design Error,Closed,2026-09-14 06:00:00.000000
880592,29,CE-029 Code Requirement,Closed,3300101,2026-09-08 09:15:00,2026-09-13 14:30:00,104,Code Requirement,Closed,2026-09-14 06:00:00.000000
880622,30,CE-030 Code Requirement,Open,2263341,2026-09-14 09:15:00,2026-09-14 14:30:00,104,Code Requirement,Open,2026-09-14 06:00:00.000000
880631,31,CE-031 Unforeseen Condition,Open,3156696,2026-09-13 09:15:00,2026-09-13 14:30:00,103,Unforeseen Condition,Open,2026-09-14 06:00:00.000000
880668,32,CE-032 Code Requirement,Pending,3300101,2026-09-05 09:15:00,2026-09-08 14:30:00,104,Code Requirement,Pending,2026-09-14 06:00:00.000000
880675,33,CE-033 Owner Change,Closed,3300101,2026-09-04 09:15:00,2026-09-10 14:30:00,101,Owner Change,Closed,2026-09-14 06:00:00.000000
880715,35,CE-035 Unforeseen Condition,Open,3156696,2026-09-13 09:15:00,2026-09-13 14:30:00,103,Unforeseen Condition,Open,2026-09-14 06:00:00.000000
880753,36,CE-036 Design Error,Pending,3300103,2026-09-08 09:15:00,2026-09-11 14:30:00,102,Design Error,Pending,2026-09-14 06:00:00.000000
880010,1,CE-001 Design Error,Closed,3156696,2026-09-09 09:15:00,2026-09-12 14:30:00,102,Design Error,Closed,2026-09-15 06:00:00.000000
880047,2,CE-002 Owner Change,Open,3156696,2026-09-14 09:15:00,2026-09-14 14:30:00,101,Owner Change,Open,2026-09-15 06:00:00.000000
880082,3,CE-003 Design Error,Pending,3300102,2026-09-01 09:15:00,2026-09-07 14:30:00,102,Design Error,Pending,2026-09-15 06:00:00.000000
880122,4,CE-004 Design Error,Pending,2263341,2026-09-01 09:15:00,2026-09-06 14:30:00,102,Design Error,Pending,2026-09-15 06:00:00.000000
880138,5,CE-005 Owner Change,Closed,2263341,2026-09-04 09:15:00,2026-09-09 14:30:00,101,Owner Change,Closed,2026-09-15 06:00:00.000000
880157,6,CE-006 Owner Change,Open,3156696,2026-09-15 09:15:00,2026-09-15 14:30:00,101,Owner Change,Open,2026-09-15 06:00:00.000000
880183,7,CE-007 Owner Change,Open,3300102,2026-09-07 09:15:00,2026-09-09 14:30:00,101,Owner Change,Open,2026-09-15 06:00:00.000000
880204,9,CE-009 Design Error,Open,2263341,2026-09-12 09:15:00,2026-09-12 14:30:00,102,Design Error,Open,2026-09-15 06:00:00.000000
880211,10,CE-010 Design Error,Pending,3300102,2026-09-06 09:15:00,2026-09-09 14:30:00,102,Design Error,Pending,2026-09-15 06:00:00.000000
880249,11,CE-011 Owner Change,Closed,2859999,2026-09-11 09:15:00,2026-09-14 14:30:00,101,Owner Change,Closed,2026-09-15 06:00:00.000000
880269,12,CE-012 Unforeseen Condition,Open,3156696,2026-09-07 09:15:00,2026-09-10 14:30:00,103,Unforeseen Condition,Open,2026-09-15 06:00:00.000000
880301,13,CE-013 Design Error,Open,2859999,2026-09-09 09:15:00,2026-09-12 14:30:00,102,Design Error,Open,2026-09-15 06:00:00.000000
880380,17,CE-017 Owner Change,Pending,2263341,2026-09-01 09:15:00,2026-09-07 14:30:00,101,Owner Change,Pending,2026-09-15 06:00:00.000000
880390,18,CE-018 Design Error,Open,2263341,2026-09-14 09:15:00,2026-09-14 14:30:00,102,Design Error,Open,2026-09-15 06:00:00.000000
880409,19,CE-019 Owner Change,Open,3300102,2026-09-06 09:15:00,2026-09-10 14:30:00,101,Owner Change,Open,2026-09-15 06:00:00.000000
880424,20,CE-020 Design Error,Open,2859999,2026-09-12 09:15:00,2026-09-12 14:30:00,102,Design Error,Open,2026-09-15 06:00:00.000000
880447,21,CE-021 Owner Change,Pending,3300101,2026-09-01 09:15:00,2026-09-05 14:30:00,101,Owner Change,Pending,2026-09-15 06:00:00.000000
880465,22,CE-022 Owner Change,Closed,3300102,2026-09-03 09:15:00,2026-09-08 14:30:00,101,Owner Change,Closed,2026-09-15 06:00:00.000000
880492,24,CE-024 Unforeseen Condition,Open,3300102,2026-09-07 09:15:00,2026-09-12 14:30:00,103,Unforeseen Condition,Open,2026-09-15 06:00:00.000000
880523,25,CE-025 Owner Change,Open,3300102,2026-09-15 09:15:00,2026-09-15 14:30:00,101,Owner Change,Open,2026-09-15 06:00:00.000000
880527,26,CE-026 Design Error,Closed,3300102,2026-09-08 09:15:00,2026-09-10 14:30:00,102,Design Error,Closed,2026-09-15 06:00:00.000000
880533,27,CE-027 Owner Change,Closed,2859999,2026-09-03 09:15:00,2026-09-07 14:30:00,101,Owner Change,Closed,2026-09-15 06:00:00.000000
880592,29,CE-029 Code Requirement,Closed,3300101,2026-09-08 09:15:00,2026-09-13 14:30:00,104,Code Requirement,Closed,2026-09-15 06:00:00.000000
880622,30,CE-030 Code Requirement,Open,2263341,2026-09-14 09:15:00,2026-09-14 14:30:00,104,Code Requirement,Open,2026-09-15 06:00:00.000000
880631,31,CE-031 Unforeseen Condition,Closed,3156696,2026-09-13 09:15:00,2026-09-15 14:30:00,103,Unforeseen Condition,Closed,2026-09-15 06:00:00.000000
880668,32,CE-032 Code Requirement,Pending,3300101,2026-09-05 09:15:00,2026-09-08 14:30:00,104,Code Requirement,Pending,2026-09-15 06:00:00.000000
880675,33,CE-033 Owner Change,Closed,3300101,2026-09-04 09:15:00,2026-09-10 14:30:00,101,Owner Change,Closed,2026-09-15 06:00:00.000000
880715,35,CE-035 Unforeseen Condition,Open,3156696,2026-09-13 09:15:00,2026-09-13 14:30:00,103,Unforeseen Condition,Open,2026-09-15 06:00:00.000000
880010,1,CE-001 Design Error,Closed,3156696,2026-09-09 09:15:00,2026-09-12 14:30:00,102,Design Error,Closed,2026-09-16 06:00:00.000000
880047,2,CE-002 Owner Change,Closed,3156696,2026-09-14 09:15:00,2026-09-16 14:30:00,101,Owner Change,Closed,2026-09-16 06:00:00.000000
880082,3,CE-003 Design Error,Pending,3300102,2026-09-01 09:15:00,2026-09-07 14:30:00,102,Design Error,Pending,2026-09-16 06:00:00.000000
880122,4,CE-004 Design Error,Pending,2263341,2026-09-01 09:15:00,2026-09-06 14:30:00,102,Design Error,Pending,2026-09-16 06:00:00.000000
880138,5,CE-005 Owner Change,Closed,2263341,2026-09-04 09:15:00,2026-09-09 14:30:00,101,Owner Change,Closed,2026-09-16 06:00:00.000000
880157,6,CE-006 Owner Change,Open,3156696,2026-09-15 09:15:00,2026-09-15 14:30:00,101,Owner Change,Open,2026-09-16 06:00:00.000000
880183,7,CE-007 Owner Change,Open,3300102,2026-09-07 09:15:00,2026-09-09 14:30:00,101,Owner Change,Open,2026-09-16 06:00:00.000000
880204,9,CE-009 Design Error,Open,2263341,2026-09-12 09:15:00,2026-09-16 14:30:00,102,Design Error,Open,2026-09-16 06:00:00.000000
880211,10,CE-010 Design Error,Pending,3300102,2026-09-06 09:15:00,2026-09-09 14:30:00,102,Design Error,Pending,2026-09-16 06:00:00.000000
880249,11,CE-011 Owner Change,Closed,2859999,2026-09-11 09:15:00,2026-09-14 14:30:00,101,Owner Change,Closed,2026-09-16 06:00:00.000000
880269,12,CE-012 Unforeseen Condition,Open,3156696,2026-09-07 09:15:00,2026-09-10 14:30:00,103,Unforeseen Condition,Open,2026-09-16 06:00:00.000000
880301,13,CE-013 Design Error,Open,2859999,2026-09-09 09:15:00,2026-09-12 14:30:00,102,Design Error,Open,2026-09-16 06:00:00.000000
880331,15,CE-015 Owner Change,Open,3300102,2026-09-16 09:15:00,2026-09-16 14:30:00,101,Owner Change,Open,2026-09-16 06:00:00.000000
880380,17,CE-017 Owner Change,Pending,2263341,2026-09-01 09:15:00,2026-09-07 14:30:00,101,Owner Change,Pending,2026-09-16 06:00:00.000000
880390,18,CE-018 Design Error,Open,2263341,2026-09-14 09:15:00,2026-09-14 14:30:00,102,Design Error,Open,2026-09-16 06:00:00.000000
880409,19,CE-019 Owner Change,Open,3300102,2026-09-06 09:15:00,2026-09-10 14:30:00,101,Owner Change,Open,2026-09-16 06:00:00.000000
880424,20,CE-020 Design Error,Open,2859999,2026-09-12 09:15:00,2026-09-12 14:30:00,102,Design Error,Open,2026-09-16 06:00:00.000000
880447,21,CE-021 Owner Change,Pending,3300101,2026-09-01 09:15:00,2026-09-05 14:30:00,101,Owner Change,Pending,2026-09-16 06:00:00.000000
880465,22,CE-022 Owner Change,Closed,3300102,2026-09-03 09:15:00,2026-09-08 14:30:00,101,Owner Change,Closed,2026-09-16 06:00:00.000000
880492,24,CE-024 Unforeseen Condition,Open,3300102,2026-09-07 09:15:00,2026-09-12 14:30:00,103,Unforeseen Condition,Open,2026-09-16 06:00:00.000000
880523,25,CE-025 Owner Change,Open,3300102,2026-09-15 09:15:00,2026-09-15 14:30:00,101,Owner Change,Open,2026-09-16 06:00:00.000000
880527,26,CE-026 Design Error,Closed,3300102,2026-09-08 09:15:00,2026-09-10 14:30:00,102,Design Error,Closed,2026-09-16 06:00:00.000000
880533,27,CE-027 Owner Change,Closed,2859999,2026-09-03 09:15:00,2026-09-07 14:30:00,101,Owner Change,Closed,2026-09-16 06:00:00.000000
880592,29,CE-029 Code Requirement,Closed,3300101,2026-09-08 09:15:00,2026-09-13 14:30:00,104,Code Requirement,Closed,2026-09-16 06:00:00.000000
880622,30,CE-030 Code Requirement,Open,2263341,2026-09-14 09:15:00,2026-09-14 14:30:00,104,Code Requirement,Open,2026-09-16 06:00:00.000000
880631,31,CE-031 Unforeseen Condition,Closed,3156696,2026-09-13 09:15:00,2026-09-15 14:30:00,103,Unforeseen Condition,Closed,2026-09-16 06:00:00.000000
880668,32,CE-032 Code Requirement,Pending,3300101,2026-09-05 09:15:00,2026-09-08 14:30:00,104,Code Requirement,Pending,2026-09-16 06:00:00.000000
880675,33,CE-033 Owner Change,Closed,3300101,2026-09-04 09:15:00,2026-09-10 14:30:00,101,Owner Change,Closed,2026-09-16 06:00:00.000000
880688,34,CE-034 Code Requirement,Open,3300101,2026-09-16 09:15:00,2026-09-16 14:30:00,104,Code Requirement,Open,2026-09-16 06:00:00.000000
880715,35,CE-035 Unforeseen Condition,Open,3156696,2026-09-13 09:15:00,2026-09-13 14:30:00,103,Unforeseen Condition,Open,2026-09-16 06:00:00.000000
880010,1,CE-001 Design Error,Closed,3156696,2026-09-09 09:15:00,2026-09-12 14:30:00,102,Design Error,Closed,2026-09-16 18:00:00.000000
880047,2,CE-002 Owner Change,Closed,3156696,2026-09-14 09:15:00,2026-09-16 14:30:00,101,Owner Change,Closed,2026-09-16 18:00:00.000000
880082,3,CE-003 Design Error,Pending,3300102,2026-09-01 09:15:00,2026-09-07 14:30:00,102,Design Error,Pending,2026-09-16 18:00:00.000000
880122,4,CE-004 Design Error,Pending,2263341,2026-09-01 09:15:00,2026-09-06 14:30:00,102,Design Error,Pending,2026-09-16 18:00:00.000000
880138,5,CE-005 Owner Change,Closed,2263341,2026-09-04 09:15:00,2026-09-09 14:30:00,101,Owner Change,Closed,2026-09-16 18:00:00.000000
880157,6,CE-006 Owner Change,Open,3156696,2026-09-15 09:15:00,2026-09-15 14:30:00,101,Owner Change,Open,2026-09-16 18:00:00.000000
880183,7,CE-007 Owner Change,Open,3300102,2026-09-07 09:15:00,2026-09-09 14:30:00,101,Owner Change,Open,2026-09-16 18:00:00.000000
880204,9,CE-009 Design Error,Open,2263341,2026-09-12 09:15:00,2026-09-16 14:30:00,102,Design Error,Open,2026-09-16 18:00:00.000000
880211,10,CE-010 Design Error,Pending,3300102,2026-09-06 09:15:00,2026-09-09 14:30:00,102,Design Error,Pending,2026-09-16 18:00:00.000000
880249,11,CE-011 Owner Change,Closed,2859999,2026-09-11 09:15:00,2026-09-14 14:30:00,101,Owner Change,Closed,2026-09-16 18:00:00.000000
880269,12,CE-012 Unforeseen Condition,Open,3156696,2026-09-07 09:15:00,2026-09-10 14:30:00,103,Unforeseen Condition,Open,2026-09-16 18:00:00.000000
880301,13,CE-013 Design Error,Open,2859999,2026-09-09 09:15:00,2026-09-12 14:30:00,102,Design Error,Open,2026-09-16 18:00:00.000000
880331,15,CE-015 Owner Change,Open,3300102,2026-09-16 09:15:00,2026-09-16 14:30:00,101,Owner Change,Open,2026-09-16 18:00:00.000000
880380,17,CE-017 Owner Change,Pending,2263341,2026-09-01 09:15:00,2026-09-07 14:30:00,101,Owner Change,Pending,2026-09-16 18:00:00.000000
880390,18,CE-018 Design Error,Open,2263341,2026-09-14 09:15:00,2026-09-14 14:30:00,102,Design Error,Open,2026-09-16 18:00:00.000000
880409,19,CE-019 Owner Change,Open,3300102,2026-09-06 09:15:00,2026-09-10 14:30:00,101,Owner Change,Open,2026-09-16 18:00:00.000000
880424,20,CE-020 Design Error,Open,2859999,2026-09-12 09:15:00,2026-09-12 14:30:00,102,Design Error,Open,2026-09-16 18:00:00.000000
880447,21,CE-021 Owner Change,Pending,3300101,2026-09-01 09:15:00,2026-09-05 14:30:00,101,Owner Change,Pending,2026-09-16 18:00:00.000000
880465,22,CE-022 Owner Change,Closed,3300102,2026-09-03 09:15:00,2026-09-08 14:30:00,101,Owner Change,Closed,2026-09-16 18:00:00.000000
880492,24,CE-024 Unforeseen Condition,Open,3300102,2026-09-07 09:15:00,2026-09-12 14:30:00,103,Unforeseen Condition,Open,2026-09-16 18:00:00.000000
880523,25,CE-025 Owner Change,Open,3300102,2026-09-15 09:15:00,2026-09-15 14:30:00,101,Owner Change,Open,2026-09-16 18:00:00.000000
880527,26,CE-026 Design Error,Closed,3300102,2026-09-08 09:15:00,2026-09-10 14:30:00,102,Design Error,Closed,2026-09-16 18:00:00.000000
880533,27,CE-027 Owner Change,Closed,2859999,2026-09-03 09:15:00,2026-09-07 14:30:00,101,Owner Change,Closed,2026-09-16 18:00:00.000000
880592,29,CE-029 Code Requirement,Closed,3300101,2026-09-08 09:15:00,2026-09-13 14:30:00,104,Code Requirement,Closed,2026-09-16 18:00:00.000000
880622,30,CE-030 Code Requirement,Open,2263341,2026-09-14 09:15:00,2026-09-14 14:30:00,104,Code Requirement,Open,2026-09-16 18:00:00.000000
880631,31,CE-031 Unforeseen Condition,Closed,3156696,2026-09-13 09:15:00,2026-09-15 14:30:00,103,Unforeseen Condition,Closed,2026-09-16 18:00:00.000000
880668,32,CE-032 Code Requirement,Pending,3300101,2026-09-05 09:15:00,2026-09-08 14:30:00,104,Code Requirement,Pending,2026-09-16 18:00:00.000000
880675,33,CE-033 Owner Change,Closed,3300101,2026-09-04 09:15:00,2026-09-10 14:30:00,101,Owner Change,Closed,2026-09-16 18:00:00.000000
880688,34,CE-034 Code Requirement,Open,3300101,2026-09-16 09:15:00,2026-09-16 14:30:00,104,Code Requirement,Open,2026-09-16 18:00:00.000000
880715,35,CE-035 Unforeseen Condition,Open,3156696,2026-09-13 09:15:00,2026-09-13 14:30:00,103,Unforeseen Condition,Open,2026-09-16 18:00:00.000000
880010,1,CE-001 Design Error,Closed,3156696,2026-09-09 09:15:00,2026-09-12 14:30:00,102,Design Error,Closed,2026-09-17 06:00:00.000000
880047,2,CE-002 Owner Change,Closed,3156696,2026-09-14 09:15:00,2026-09-16 14:30:00,101,Owner Change,Closed,2026-09-17 06:00:00.000000
880082,3,CE-003 Design Error,Pending,3300102,2026-09-01 09:15:00,2026-09-07 14:30:00,102,Design Error,Pending,2026-09-17 06:00:00.000000
880122,4,CE-004 Design Error,Pending,2263341,2026-09-01 09:15:00,2026-09-06 14:30:00,102,Design Error,Pending,2026-09-17 06:00:00.000000
880138,5,CE-005 Owner Change,Closed,2263341,2026-09-04 09:15:00,2026-09-09 14:30:00,101,Owner Change,Closed,2026-09-17 06:00:00.000000
880157,6,CE-006 Owner Change,Open,3156696,2026-09-15 09:15:00,2026-09-15 14:30:00,101,Owner Change,Open,2026-09-17 06:00:00.000000
880183,7,CE-007 Owner Change,Open,3300102,2026-09-07 09:15:00,2026-09-09 14:30:00,101,Owner Change,Open,2026-09-17 06:00:00.000000
880204,9,CE-009 Design Error,Open,2263341,2026-09-12 09:15:00,2026-09-16 14:30:00,102,Design Error,Open,2026-09-17 06:00:00.000000
880211,10,CE-010 Design Error,Pending,3300102,2026-09-06 09:15:00,2026-09-09 14:30:00,102,Design Error,Pending,2026-09-17 06:00:00.000000
880249,11,CE-011 Owner Change,Closed,2859999,2026-09-11 09:15:00,2026-09-14 14:30:00,101,Owner Change,Closed,2026-09-17 06:00:00.000000
880269,12,CE-012 Unforeseen Condition,Open,3156696,2026-09-07 09:15:00,2026-09-10 14:30:00,103,Unforeseen Condition,Open,2026-09-17 06:00:00.000000
880301,13,CE-013 Design Error,Open,2859999,2026-09-09 09:15:00,2026-09-12 14:30:00,102,Design Error,Open,2026-09-17 06:00:00.000000
880331,15,CE-015 Owner Change,Open,3300102,2026-09-16 09:15:00,2026-09-16 14:30:00,101,Owner Change,Open,2026-09-17 06:00:00.000000
880380,17,CE-017 Owner Change,Pending,2263341,2026-09-01 09:15:00,2026-09-07 14:30:00,101,Owner Change,Pending,2026-09-17 06:00:00.000000
880390,18,CE-018 Design Error,Open,2263341,2026-09-14 09:15:00,2026-09-14 14:30:00,102,Design Error,Open,2026-09-17 06:00:00.000000
880409,19,CE-019 Owner Change,Open,3300102,2026-09-06 09:15:00,2026-09-10 14:30:00,101,Owner Change,Open,2026-09-17 06:00:00.000000
880424,20,CE-020 Design Error,Open,2859999,2026-09-12 09:15:00,2026-09-12 14:30:00,102,Design Error,Open,2026-09-17 06:00:00.000000
880447,21,CE-021 Owner Change,Pending,3300101,2026-09-01 09:15:00,2026-09-05 14:30:00,101,Owner Change,Pending,2026-09-17 06:00:00.000000
880465,22,CE-022 Owner Change,Closed,3300102,2026-09-03 09:15:00,2026-09-08 14:30:00,101,Owner Change,Closed,2026-09-17 06:00:00.000000
880492,24,CE-024 Unforeseen Condition,Open,3300102,2026-09-07 09:15:00,2026-09-12 14:30:00,103,Unforeseen Condition,Open,2026-09-17 06:00:00.000000
880523,25,CE-025 Owner Change,Open,3300102,2026-09-15 09:15:00,2026-09-15 14:30:00,101,Owner Change,Open,2026-09-17 06:00:00.000000
880527,26,CE-026 Design Error,Closed,3300102,2026-09-08 09:15:00,2026-09-10 14:30:00,102,Design Error,Closed,2026-09-17 06:00:00.000000
880533,27,CE-027 Owner Change,Closed,2859999,2026-09-03 09:15:00,2026-09-07 14:30:00,101,Owner Change,Closed,2026-09-17 06:00:00.000000
880592,29,CE-029 Code Requirement,Closed,3300101,2026-09-08 09:15:00,2026-09-13 14:30:00,104,Code Requirement,Closed,2026-09-17 06:00:00.000000
880622,30,CE-030 Code Requirement,Open,2263341,2026-09-14 09:15:00,2026-09-14 14:30:00,104,Code Requirement,Open,2026-09-17 06:00:00.000000
880631,31,CE-031 Unforeseen Condition,Closed,3156696,2026-09-13 09:15:00,2026-09-15 14:30:00,103,Unforeseen Condition,Closed,2026-09-17 06:00:00.000000
880668,32,CE-032 Code Requirement,Pending,3300101,2026-09-05 09:15:00,2026-09-08 14:30:00,104,Code Requirement,Pending,2026-09-17 06:00:00.000000
880675,33,CE-033 Owner Change,Closed,3300101,2026-09-04 09:15:00,2026-09-10 14:30:00,101,Owner Change,Closed,2026-09-17 06:00:00.000000
880688,34,CE-034 Code Requirement,Open,3300101,2026-09-16 09:15:00,2026-09-16 14:30:00,104,Code Requirement,Open,2026-09-17 06:00:00.000000
880715,35,CE-035 Unforeseen Condition,Open,3156696,2026-09-13 09:15:00,2026-09-13 14:30:00,103,Unforeseen Condition,Open,2026-09-17 06:00:00.000000
880010,1,CE-001 Design Error,Closed,3156696,2026-09-09 09:15:00,2026-09-12 14:30:00,102,Design Error,Closed,2026-09-18 06:00:00.000000
880047,2,CE-002 Owner Change,Closed,3156696,2026-09-14 09:15:00,2026-09-16 14:30:00,101,Owner Change,Closed,2026-09-18 06:00:00.000000
880082,3,CE-003 Design Error,Pending,3300102,2026-09-01 09:15:00,2026-09-07 14:30:00,102,Design Error,Pending,2026-09-18 06:00:00.000000
880122,4,CE-004 Design Error,Pending,2263341,2026-09-01 09:15:00,2026-09-06 14:30:00,102,Design Error,Pending,2026-09-18 06:00:00.000000
880138,5,CE-005 Owner Change,Closed,2263341,2026-09-04 09:15:00,2026-09-09 14:30:00,101,Owner Change,Closed,2026-09-18 06:00:00.000000
880157,6,CE-006 Owner Change,Open,3156696,2026-09-15 09:15:00,2026-09-15 14:30:00,101,Owner Change,Open,2026-09-18 06:00:00.000000
880183,7,CE-007 Owner Change,Open,3300102,2026-09-07 09:15:00,2026-09-09 14:30:00,101,Owner Change,Open,2026-09-18 06:00:00.000000
880204,9,CE-009 Design Error,Open,2263341,2026-09-12 09:15:00,2026-09-16 14:30:00,102,Design Error,Open,2026-09-18 06:00:00.000000
880211,10,CE-010 Design Error,Pending,3300102,2026-09-06 09:15:00,2026-09-09 14:30:00,102,Design Error,Pending,2026-09-18 06:00:00.000000
880249,11,CE-011 Owner Change,Closed,2859999,2026-09-11 09:15:00,2026-09-14 14:30:00,101,Owner Change,Closed,2026-09-18 06:00:00.000000
880269,12,CE-012 Unforeseen Condition,Open,3156696,2026-09-07 09:15:00,2026-09-10 14:30:00,103,Unforeseen Condition,Open,2026-09-18 06:00:00.000000
880301,13,CE-013 Design Error,Open,2859999,2026-09-09 09:15:00,2026-09-12 14:30:00,102,Design Error,Open,2026-09-18 06:00:00.000000
880331,15,CE-015 Owner Change,Closed,3300102,2026-09-16 09:15:00,2026-09-18 14:30:00,101,Owner Change,Closed,2026-09-18 06:00:00.000000
880380,17,CE-017 Owner Change,Pending,2263341,2026-09-01 09:15:00,2026-09-07 14:30:00,101,Owner Change,Pending,2026-09-18 06:00:00.000000
880390,18,CE-018 Design Error,Open,2263341,2026-09-14 09:15:00,2026-09-14 14:30:00,102,Design Error,Open,2026-09-18 06:00:00.000000
880409,19,CE-019 Owner Change,Open,3300102,2026-09-06 09:15:00,2026-09-10 14:30:00,101,Owner Change,Open,2026-09-18 06:00:00.000000
880424,20,CE-020 Design Error,Open,2859999,2026-09-12 09:15:00,2026-09-18 14:30:00,102,Design Error,Open,2026-09-18 06:00:00.000000
880447,21,CE-021 Owner Change,Pending,3300101,2026-09-01 09:15:00,2026-09-05 14:30:00,101,Owner Change,Pending,2026-09-18 06:00:00.000000
880465,22,CE-022 Owner Change,Closed,3300102,2026-09-03 09:15:00,2026-09-08 14:30:00,101,Owner Change,Closed,2026-09-18 06:00:00.000000
880492,24,CE-024 Unforeseen Condition,Open,3300102,2026-09-07 09:15:00,2026-09-12 14:30:00,103,Unforeseen Condition,Open,2026-09-18 06:00:00.000000
880523,25,CE-025 Owner Change,Closed,3300102,2026-09-15 09:15:00,2026-09-18 14:30:00,101,Owner Change,Closed,2026-09-18 06:00:00.000000
880527,26,CE-026 Design Error,Closed,3300102,2026-09-08 09:15:00,2026-09-10 14:30:00,102,Design Error,Closed,2026-09-18 06:00:00.000000
880533,27,CE-027 Owner Change,Closed,2859999,2026-09-03 09:15:00,2026-09-07 14:30:00,101,Owner Change,Closed,2026-09-18 06:00:00.000000
880592,29,CE-029 Code Requirement,Closed,3300101,2026-09-08 09:15:00,2026-09-13 14:30:00,104,Code Requirement,Closed,2026-09-18 06:00:00.000000
880622,30,CE-030 Code Requirement,Open,2263341,2026-09-14 09:15:00,2026-09-14 14:30:00,104,Code Requirement,Open,2026-09-18 06:00:00.000000
880631,31,CE-031 Unforeseen Condition,Closed,3156696,2026-09-13 09:15:00,2026-09-15 14:30:00,103,Unforeseen Condition,Closed,2026-09-18 06:00:00.000000
880668,32,CE-032 Code Requirement,Pending,3300101,2026-09-05 09:15:00,2026-09-08 14:30:00,104,Code Requirement,Pending,2026-09-18 06:00:00.000000
880675,33,CE-033 Owner Change,Closed,3300101,2026-09-04 09:15:00,2026-09-10 14:30:00,101,Owner Change,Closed,2026-09-18 06:00:00.000000
880688,34,CE-034 Code Requirement,Open,3300101,2026-09-16 09:15:00,2026-09-16 14:30:00,104,Code Requirement,Open,2026-09-18 06:00:00.000000
880715,35,CE-035 Unforeseen Condition,Pending,3156696,2026-09-13 09:15:00,2026-09-18 14:30:00,103,Unforeseen Condition,Pending,2026-09-18 06:00:00.000000
880010,1,CE-001 Design Error,Closed,3156696,2026-09-09 09:15:00,2026-09-12 14:30:00,102,Design Error,Closed,2026-09-19 06:00:00.000000
880047,2,CE-002 Owner Change,Closed,3156696,2026-09-14 09:15:00,2026-09-16 14:30:00,101,Owner Change,Closed,2026-09-19 06:00:00.000000
880082,3,CE-003 Design Error,Pending,3300102,2026-09-01 09:15:00,2026-09-07 14:30:00,102,Design Error,Pending,2026-09-19 06:00:00.000000
880122,4,CE-004 Design Error,Pending,2263341,2026-09-01 09:15:00,2026-09-06 14:30:00,102,Design Error,Pending,2026-09-19 06:00:00.000000
880138,5,CE-005 Owner Change,Closed,2263341,2026-09-04 09:15:00,2026-09-09 14:30:00,101,Owner Change,Closed,2026-09-19 06:00:00.000000
880157,6,CE-006 Owner Change,Open,3156696,2026-09-15 09:15:00,2026-09-15 14:30:00,101,Owner Change,Open,2026-09-19 06:00:00.000000
880183,7,CE-007 Owner Change,Open,3300102,2026-09-07 09:15:00,2026-09-09 14:30:00,101,Owner Change,Open,2026-09-19 06:00:00.000000
880204,9,CE-009 Design Error,Open,2263341,2026-09-12 09:15:00,2026-09-16 14:30:00,102,Design Error,Open,2026-09-19 06:00:00.000000
880211,10,CE-010 Design Error,Pending,3300102,2026-09-06 09:15:00,2026-09-09 14:30:00,102,Design Error,Pending,2026-09-19 06:00:00.000000
880249,11,CE-011 Owner Change,Closed,2859999,2026-09-11 09:15:00,2026-09-14 14:30:00,101,Owner Change,Closed,2026-09-19 06:00:00.000000
880269,12,CE-012 Unforeseen Condition,Open,3156696,2026-09-07 09:15:00,2026-09-10 14:30:00,103,Unforeseen Condition,Open,2026-09-19 06:00:00.000000
880301,13,CE-013 Design Error,Open,2859999,2026-09-09 09:15:00,2026-09-12 14:30:00,102,Design Error,Open,2026-09-19 06:00:00.000000
880331,15,CE-015 Owner Change,Closed,3300102,2026-09-16 09:15:00,2026-09-18 14:30:00,101,Owner Change,Closed,2026-09-19 06:00:00.000000
880380,17,CE-017 Owner Change,Pending,2263341,2026-09-01 09:15:00,2026-09-07 14:30:00,101,Owner Change,Pending,2026-09-19 06:00:00.000000
880390,18,CE-018 Design Error,Closed,2263341,2026-09-14 09:15:00,2026-09-19 14:30:00,102,Design Error,Closed,2026-09-19 06:00:00.000000
880409,19,CE-019 Owner Change,Open,3300102,2026-09-06 09:15:00,2026-09-10 14:30:00,101,Owner Change,Open,2026-09-19 06:00:00.000000
880424,20,CE-020 Design Error,Open,2859999,2026-09-12 09:15:00,2026-09-18 14:30:00,102,Design Error,Open,2026-09-19 06:00:00.000000
880447,21,CE-021 Owner Change,Pending,3300101,2026-09-01 09:15:00,2026-09-05 14:30:00,101,Owner Change,Pending,2026-09-19 06:00:00.000000
880465,22,CE-022 Owner Change,Closed,3300102,2026-09-03 09:15:00,2026-09-08 14:30:00,101,Owner Change,Closed,2026-09-19 06:00:00.000000
880492,24,CE-024 Unforeseen Condition,Open,3300102,2026-09-07 09:15:00,2026-09-12 14:30:00,103,Unforeseen Condition,Open,2026-09-19 06:00:00.000000
880523,25,CE-025 Owner Change,Closed,3300102,2026-09-15 09:15:00,2026-09-18 14:30:00,101,Owner Change,Closed,2026-09-19 06:00:00.000000
880527,26,CE-026 Design Error,Closed,3300102,2026-09-08 09:15:00,2026-09-10 14:30:00,102,Design Error,Closed,2026-09-19 06:00:00.000000
880533,27,CE-027 Owner Change,Closed,2859999,2026-09-03 09:15:00,2026-09-07 14:30:00,101,Owner Change,Closed,2026-09-19 06:00:00.000000
880592,29,CE-029 Code Requirement,Closed,3300101,2026-09-08 09:15:00,2026-09-13 14:30:00,104,Code Requirement,Closed,2026-09-19 06:00:00.000000
880622,30,CE-030 Code Requirement,Open,2263341,2026-09-14 09:15:00,2026-09-19 14:30:00,104,Code Requirement,Open,2026-09-19 06:00:00.000000
880631,31,CE-031 Unforeseen Condition,Closed,3156696,2026-09-13 09:15:00,2026-09-15 14:30:00,103,Unforeseen Condition,Closed,2026-09-19 06:00:00.000000
880668,32,CE-032 Code Requirement,Pending,3300101,2026-09-05 09:15:00,2026-09-08 14:30:00,104,Code Requirement,Pending,2026-09-19 06:00:00.000000
880675,33,CE-033 Owner Change,Closed,3300101,2026-09-04 09:15:00,2026-09-10 14:30:00,101,Owner Change,Closed,2026-09-19 06:00:00.000000
880688,34,CE-034 Code Requirement,Pending,3300101,2026-09-16 09:15:00,2026-09-19 14:30:00,104,Code Requirement,Pending,2026-09-19 06:00:00.000000
880715,35,CE-035 Unforeseen Condition,Pending,3156696,2026-09-13 09:15:00,2026-09-18 14:30:00,103,Unforeseen Condition,Pending,2026-09-19 06:00:00.000000
880010,1,CE-001 Design Error,Closed,3156696,2026-09-09 09:15:00,2026-09-12 14:30:00,102,Design Error,Closed,2026-09-19 18:00:00.000000
880047,2,CE-002 Owner Change,Closed,3156696,2026-09-14 09:15:00,2026-09-16 14:30:00,101,Owner Change,Closed,2026-09-19 18:00:00.000000
880082,3,CE-003 Design Error,Pending,3300102,2026-09-01 09:15:00,2026-09-07 14:30:00,102,Design Error,Pending,2026-09-19 18:00:00.000000
880122,4,CE-004 Design Error,Pending,2263341,2026-09-01 09:15:00,2026-09-06 14:30:00,102,Design Error,Pending,2026-09-19 18:00:00.000000
880138,5,CE-005 Owner Change,Closed,2263341,2026-09-04 09:15:00,2026-09-09 14:30:00,101,Owner Change,Closed,2026-09-19 18:00:00.000000
880157,6,CE-006 Owner Change,Open,3156696,2026-09-15 09:15:00,2026-09-15 14:30:00,101,Owner Change,Open,2026-09-19 18:00:00.000000
880183,7,CE-007 Owner Change,Open,3300102,2026-09-07 09:15:00,2026-09-09 14:30:00,101,Owner Change,Open,2026-09-19 18:00:00.000000
880204,9,CE-009 Design Error,Open,2263341,2026-09-12 09:15:00,2026-09-16 14:30:00,102,Design Error,Open,2026-09-19 18:00:00.000000
880211,10,CE-010 Design Error,Pending,3300102,2026-09-06 09:15:00,2026-09-09 14:30:00,102,Design Error,Pending,2026-09-19 18:00:00.000000
880249,11,CE-011 Owner Change,Closed,2859999,2026-09-11 09:15:00,2026-09-14 14:30:00,101,Owner Change,Closed,2026-09-19 18:00:00.000000
880269,12,CE-012 Unforeseen Condition,Open,3156696,2026-09-07 09:15:00,2026-09-10 14:30:00,103,Unforeseen Condition,Open,2026-09-19 18:00:00.000000
880301,13,CE-013 Design Error,Open,2859999,2026-09-09 09:15:00,2026-09-12 14:30:00,102,Design Error,Open,2026-09-19 18:00:00.000000
880331,15,CE-015 Owner Change,Closed,3300102,2026-09-16 09:15:00,2026-09-18 14:30:00,101,Owner Change,Closed,2026-09-19 18:00:00.000000
880380,17,CE-017 Owner Change,Pending,2263341,2026-09-01 09:15:00,2026-09-07 14:30:00,101,Owner Change,Pending,2026-09-19 18:00:00.000000
880390,18,CE-018 Design Error,Closed,2263341,2026-09-14 09:15:00,2026-09-19 14:30:00,102,Design Error,Closed,2026-09-19 18:00:00.000000
880409,19,CE-019 Owner Change,Open,3300102,2026-09-06 09:15:00,2026-09-10 14:30:00,101,Owner Change,Open,2026-09-19 18:00:00.000000
880424,20,CE-020 Design Error,Open,2859999,2026-09-12 09:15:00,2026-09-18 14:30:00,102,Design Error,Open,2026-09-19 18:00:00.000000
880447,21,CE-021 Owner Change,Pending,3300101,2026-09-01 09:15:00,2026-09-05 14:30:00,101,Owner Change,Pending,2026-09-19 18:00:00.000000
880465,22,CE-022 Owner Change,Closed,3300102,2026-09-03 09:15:00,2026-09-08 14:30:00,101,Owner Change,Closed,2026-09-19 18:00:00.000000
880492,24,CE-024 Unforeseen Condition,Open,3300102,2026-09-07 09:15:00,2026-09-12 14:30:00,103,Unforeseen Condition,Open,2026-09-19 18:00:00.000000
880523,25,CE-025 Owner Change,Closed,3300102,2026-09-15 09:15:00,2026-09-18 14:30:00,101,Owner Change,Closed,2026-09-19 18:00:00.000000
880527,26,CE-026 Design Error,Closed,3300102,2026-09-08 09:15:00,2026-09-10 14:30:00,102,Design Error,Closed,2026-09-19 18:00:00.000000
880533,27,CE-027 Owner Change,Closed,2859999,2026-09-03 09:15:00,2026-09-07 14:30:00,101,Owner Change,Closed,2026-09-19 18:00:00.000000
880592,29,CE-029 Code Requirement,Closed,3300101,2026-09-08 09:15:00,2026-09-13 14:30:00,104,Code Requirement,Closed,2026-09-19 18:00:00.000000
880622,30,CE-030 Code Requirement,Open,2263341,2026-09-14 09:15:00,2026-09-19 14:30:00,104,Code Requirement,Open,2026-09-19 18:00:00.000000
880631,31,CE-031 Unforeseen Condition,Closed,3156696,2026-09-13 09:15:00,2026-09-15 14:30:00,103,Unforeseen Condition,Closed,2026-09-19 18:00:00.000000
880668,32,CE-032 Code Requirement,Pending,3300101,2026-09-05 09:15:00,2026-09-08 14:30:00,104,Code Requirement,Pending,2026-09-19 18:00:00.000000
880675,33,CE-033 Owner Change,Closed,3300101,2026-09-04 09:15:00,2026-09-10 14:30:00,101,Owner Change,Closed,2026-09-19 18:00:00.000000
880688,34,CE-034 Code Requirement,Pending,3300101,2026-09-16 09:15:00,2026-09-19 14:30:00,104,Code Requirement,Pending,2026-09-19 18:00:00.000000
880715,35,CE-035 Unforeseen Condition,Pending,3156696,2026-09-13 09:15:00,2026-09-18 14:30:00,103,Unforeseen Condition,Pending,2026-09-19 18:00:00.000000
880010,1,CE-001 Design Error,Closed,3156696,2026-09-09 09:15:00,2026-09-12 14:30:00,102,Design Error,Closed,2026-09-20 06:00:00.000000
880047,2,CE-002 Owner Change,Closed,3156696,2026-09-14 09:15:00,2026-09-16 14:30:00,101,Owner Change,Closed,2026-09-20 06:00:00.000000
880082,3,CE-003 Design Error,Pending,3300102,2026-09-01 09:15:00,2026-09-07 14:30:00,102,Design Error,Pending,2026-09-20 06:00:00.000000
880122,4,CE-004 Design Error,Pending,2263341,2026-09-01 09:15:00,2026-09-06 14:30:00,102,Design Error,Pending,2026-09-20 06:00:00.000000
880138,5,CE-005 Owner Change,Closed,2263341,2026-09-04 09:15:00,2026-09-09 14:30:00,101,Owner Change,Closed,2026-09-20 06:00:00.000000
880157,6,CE-006 Owner Change,Closed,3156696,2026-09-15 09:15:00,2026-09-20 14:30:00,101,Owner Change,Closed,2026-09-20 06:00:00.000000
880183,7,CE-007 Owner Change,Open,3300102,2026-09-07 09:15:00,2026-09-09 14:30:00,101,Owner Change,Open,2026-09-20 06:00:00.000000
880204,9,CE-009 Design Error,Open,2263341,2026-09-12 09:15:00,2026-09-16 14:30:00,102,Design Error,Open,2026-09-20 06:00:00.000000
880211,10,CE-010 Design Error,Pending,3300102,2026-09-06 09:15:00,2026-09-09 14:30:00,102,Design Error,Pending,2026-09-20 06:00:00.000000
880249,11,CE-011 Owner Change,Closed,2859999,2026-09-11 09:15:00,2026-09-14 14:30:00,101,Owner Change,Closed,2026-09-20 06:00:00.000000
880269,12,CE-012 Unforeseen Condition,Open,3156696,2026-09-07 09:15:00,2026-09-10 14:30:00,103,Unforeseen Condition,Open,2026-09-20 06:00:00.000000
880301,13,CE-013 Design Error,Open,2859999,2026-09-09 09:15:00,2026-09-12 14:30:00,102,Design Error,Open,2026-09-20 06:00:00.000000
880331,15,CE-015 Owner Change,Closed,3300102,2026-09-16 09:15:00,2026-09-18 14:30:00,101,Owner Change,Closed,2026-09-20 06:00:00.000000
880380,17,CE-017 Owner Change,Pending,2263341,2026-09-01 09:15:00,2026-09-07 14:30:00,101,Owner Change,Pending,2026-09-20 06:00:00.000000
880390,18,CE-018 Design Error,Closed,2263341,2026-09-14 09:15:00,2026-09-19 14:30:00,102,Design Error,Closed,2026-09-20 06:00:00.000000
880409,19,CE-019 Owner Change,Open,3300102,2026-09-06 09:15:00,2026-09-10 14:30:00,101,Owner Change,Open,2026-09-20 06:00:00.000000
880424,20,CE-020 Design Error,Open,2859999,2026-09-12 09:15:00,2026-09-18 14:30:00,102,Design Error,Open,2026-09-20 06:00:00.000000
880447,21,CE-021 Owner Change,Pending,3300101,2026-09-01 09:15:00,2026-09-05 14:30:00,101,Owner Change,Pending,2026-09-20 06:00:00.000000
880465,22,CE-022 Owner Change,Closed,3300102,2026-09-03 09:15:00,2026-09-08 14:30:00,101,Owner Change,Closed,2026-09-20 06:00:00.000000
880492,24,CE-024 Unforeseen Condition,Open,3300102,2026-09-07 09:15:00,2026-09-12 14:30:00,103,Unforeseen Condition,Open,2026-09-20 06:00:00.000000
880523,25,CE-025 Owner Change,Closed,3300102,2026-09-15 09:15:00,2026-09-18 14:30:00,101,Owner Change,Closed,2026-09-20 06:00:00.000000
880527,26,CE-026 Design Error,Closed,3300102,2026-09-08 09:15:00,2026-09-10 14:30:00,102,Design Error,Closed,2026-09-20 06:00:00.000000
880533,27,CE-027 Owner Change,Closed,2859999,2026-09-03 09:15:00,2026-09-07 14:30:00,101,Owner Change,Closed,2026-09-20 06:00:00.000000
880592,29,CE-029 Code Requirement,Closed,3300101,2026-09-08 09:15:00,2026-09-13 14:30:00,104,Code Requirement,Closed,2026-09-20 06:00:00.000000
880622,30,CE-030 Code Requirement,Open,2263341,2026-09-14 09:15:00,2026-09-19 14:30:00,104,Code Requirement,Open,2026-09-20 06:00:00.000000
880631,31,CE-031 Unforeseen Condition,Closed,3156696,2026-09-13 09:15:00,2026-09-15 14:30:00,103,Unforeseen Condition,Closed,2026-09-20 06:00:00.000000
880668,32,CE-032 Code Requirement,Pending,3300101,2026-09-05 09:15:00,2026-09-08 14:30:00,104,Code Requirement,Pending,2026-09-20 06:00:00.000000
880675,33,CE-033 Owner Change,Closed,3300101,2026-09-04 09:15:00,2026-09-10 14:30:00,101,Owner Change,Closed,2026-09-20 06:00:00.000000
880688,34,CE-034 Code Requirement,Pending,3300101,2026-09-16 09:15:00,2026-09-19 14:30:00,104,Code Requirement,Pending,2026-09-20 06:00:00.000000
880715,35,CE-035 Unforeseen Condition,Pending,3156696,2026-09-13 09:15:00,2026-09-18 14:30:00,103,Unforeseen Condition,Pending,2026-09-20 06:00:00.000000
880010,1,CE-001 Design Error,Closed,3156696,2026-09-09 09:15:00,2026-09-12 14:30:00,102,Design Error,Closed,2026-09-21 06:00:00.000000
880047,2,CE-002 Owner Change,Closed,3156696,2026-09-14 09:15:00,2026-09-16 14:30:00,101,Owner Change,Closed,2026-09-21 06:00:00.000000
880082,3,CE-003 Design Error,Pending,3300102,2026-09-01 09:15:00,2026-09-07 14:30:00,102,Design Error,Pending,2026-09-21 06:00:00.000000
880122,4,CE-004 Design Error,Pending,2263341,2026-09-01 09:15:00,2026-09-06 14:30:00,102,Design Error,Pending,2026-09-21 06:00:00.000000
880138,5,CE-005 Owner Change,Closed,2263341,2026-09-04 09:15:00,2026-09-09 14:30:00,101,Owner Change,Closed,2026-09-21 06:00:00.000000
880157,6,CE-006 Owner Change,Closed,3156696,2026-09-15 09:15:00,2026-09-20 14:30:00,101,Owner Change,Closed,2026-09-21 06:00:00.000000
880183,7,CE-007 Owner Change,Open,3300102,2026-09-07 09:15:00,2026-09-09 14:30:00,101,Owner Change,Open,2026-09-21 06:00:00.000000
880204,9,CE-009 Design Error,Open,2263341,2026-09-12 09:15:00,2026-09-16 14:30:00,102,Design Error,Open,2026-09-21 06:00:00.000000
880211,10,CE-010 Design Error,Pending,3300102,2026-09-06 09:15:00,2026-09-09 14:30:00,102,Design Error,Pending,2026-09-21 06:00:00.000000
880249,11,CE-011 Owner Change,Closed,2859999,2026-09-11 09:15:00,2026-09-14 14:30:00,101,Owner Change,Closed,2026-09-21 06:00:00.000000
880269,12,CE-012 Unforeseen Condition,Open,3156696,2026-09-07 09:15:00,2026-09-10 14:30:00,103,Unforeseen Condition,Open,2026-09-21 06:00:00.000000
880301,13,CE-013 Design Error,Open,2859999,2026-09-09 09:15:00,2026-09-12 14:30:00,102,Design Error,Open,2026-09-21 06:00:00.000000
880331,15,CE-015 Owner Change,Closed,3300102,2026-09-16 09:15:00,2026-09-18 14:30:00,101,Owner Change,Closed,2026-09-21 06:00:00.000000
880380,17,CE-017 Owner Change,Pending,2263341,2026-09-01 09:15:00,2026-09-07 14:30:00,101,Owner Change,Pending,2026-09-21 06:00:00.000000
880390,18,CE-018 Design Error,Closed,2263341,2026-09-14 09:15:00,2026-09-19 14:30:00,102,Design Error,Closed,2026-09-21 06:00:00.000000
880409,19,CE-019 Owner Change,Open,3300102,2026-09-06 09:15:00,2026-09-10 14:30:00,101,Owner Change,Open,2026-09-21 06:00:00.000000
880424,20,CE-020 Design Error,Open,2859999,2026-09-12 09:15:00,2026-09-18 14:30:00,102,Design Error,Open,2026-09-21 06:00:00.000000
880447,21,CE-021 Owner Change,Pending,3300101,2026-09-01 09:15:00,2026-09-05 14:30:00,101,Owner Change,Pending,2026-09-21 06:00:00.000000
880465,22,CE-022 Owner Change,Closed,3300102,2026-09-03 09:15:00,2026-09-08 14:30:00,101,Owner Change,Closed,2026-09-21 06:00:00.000000
880492,24,CE-024 Unforeseen Condition,Open,3300102,2026-09-07 09:15:00,2026-09-12 14:30:00,103,Unforeseen Condition,Open,2026-09-21 06:00:00.000000
880523,25,CE-025 Owner Change,Closed,3300102,2026-09-15 09:15:00,2026-09-18 14:30:00,101,Owner Change,Closed,2026-09-21 06:00:00.000000
880527,26,CE-026 Design Error,Closed,3300102,2026-09-08 09:15:00,2026-09-10 14:30:00,102,Design Error,Closed,2026-09-21 06:00:00.000000
880533,27,CE-027 Owner Change,Closed,2859999,2026-09-03 09:15:00,2026-09-07 14:30:00,101,Owner Change,Closed,2026-09-21 06:00:00.000000
880592,29,CE-029 Code Requirement,Closed,3300101,2026-09-08 09:15:00,2026-09-13 14:30:00,104,Code Requirement,Closed,2026-09-21 06:00:00.000000
880622,30,CE-030 Code Requirement,Open,2263341,2026-09-14 09:15:00,2026-09-19 14:30:00,104,Code Requirement,Open,2026-09-21 06:00:00.000000
880631,31,CE-031 Unforeseen Condition,Closed,3156696,2026-09-13 09:15:00,2026-09-15 14:30:00,103,Unforeseen Condition,Closed,2026-09-21 06:00:00.000000
880668,32,CE-032 Code Requirement,Pending,3300101,2026-09-05 09:15:00,2026-09-08 14:30:00,104,Code Requirement,Pending,2026-09-21 06:00:00.000000
880675,33,CE-033 Owner Change,Closed,3300101,2026-09-04 09:15:00,2026-09-10 14:30:00,101,Owner Change,Closed,2026-09-21 06:00:00.000000
880688,34,CE-034 Code Requirement,Pending,3300101,2026-09-16 09:15:00,2026-09-19 14:30:00,104,Code Requirement,Pending,2026-09-21 06:00:00.000000
880715,35,CE-035 Unforeseen Condition,Pending,3156696,2026-09-13 09:15:00,2026-09-18 14:30:00,103,Unforeseen Condition,Pending,2026-09-21 06:00:00.000000
