id,custom_field_definition_id,value,Insertion_TimeStamp
880082,345079,Owner Change,2026-09-01 06:00:00.000000
880082,362390,Declined,2026-09-01 06:00:00.000000
880122,345079,Design Error,2026-09-01 06:00:00.000000
880122,362390,Quoted,2026-09-01 06:00:00.000000
880380,345079,Unforeseen Condition,2026-09-01 06:00:00.000000
880380,362390,Budgeted,2026-09-01 06:00:00.000000
880447,345079,Owner Change,2026-09-01 06:00:00.000000
880447,362390,Approved,2026-09-01 06:00:00.000000
880082,345079,Owner Change,2026-09-01 18:00:00.000000
880082,362390,Declined,2026-09-01 18:00:00.000000
880122,345079,Design Error,2026-09-01 18:00:00.000000
880122,362390,Quoted,2026-09-01 18:00:00.000000
880380,345079,Unforeseen Condition,2026-09-01 18:00:00.000000
880380,362390,Budgeted,2026-09-01 18:00:00.000000
880447,345079,Owner Change,2026-09-01 18:00:00.000000
880447,362390,Approved,2026-09-01 18:00:00.000000
880082,345079,Owner Change,2026-09-02 06:00:00.000000
880082,362390,Declined,2026-09-02 06:00:00.000000
880122,345079,Design Error,2026-09-02 06:00:00.000000
880122,362390,Quoted,2026-09-02 06:00:00.000000
880380,345079,Unforeseen Condition,2026-09-02 06:00:00.000000
880380,362390,Budgeted,2026-09-02 06:00:00.000000
880447,345079,Owner Change,2026-09-02 06:00:00.000000
880447,362390,Approved,2026-09-02 06:00:00.000000
880082,345079,Owner Change,2026-09-03 06:00:00.000000
880082,362390,Declined,2026-09-03 06:00:00.000000
880122,345079,Design Error,2026-09-03 06:00:00.000000
880122,362390,Quoted,2026-09-03 06:00:00.000000
880380,345079,Unforeseen Condition,2026-09-03 06:00:00.000000
880380,362390,Budgeted,2026-09-03 06:00:00.000000
880447,345079,Owner Change,2026-09-03 06:00:00.000000
880447,362390,Approved,2026-09-03 06:00:00.000000
880465,345079,Unforeseen Condition,2026-09-03 06:00:00.000000
880465,362390,Quoted,2026-09-03 06:00:00.000000
880533,345079,Unforeseen Condition,2026-09-03 06:00:00.000000
880533,362390,Quoted,2026-09-03 06:00:00.000000
880082,345079,Owner Change,2026-09-04 06:00:00.000000
880082,362390,Declined,2026-09-04 06:00:00.000000
880122,345079,Design Error,2026-09-04 06:00:00.000000
880122,362390,Quoted,2026-09-04 06:00:00.000000
880138,345079,Design Error,2026-09-04 06:00:00.000000
880138,362390,Budgeted,2026-09-04 06:00:00.000000
880191,345079,Unforeseen Condition,2026-09-04 06:00:00.000000
880191,362390,Budgeted,2026-09-04 06:00:00.000000
880380,345079,Unforeseen Condition,2026-09-04 06:00:00.000000
880380,362390,Budgeted,2026-09-04 06:00:00.000000
880447,345079,Owner Change,2026-09-04 06:00:00.000000
880447,362390,Approved,2026-09-04 06:00:00.000000
880465,345079,Unforeseen Condition,2026-09-04 06:00:00.000000
880465,362390,Quoted,2026-09-04 06:00:00.000000
880533,345079,Unforeseen Condition,2026-09-04 06:00:00.000000
880533,362390,Quoted,2026-09-04 06:00:00.000000
880675,345079,Owner Change,2026-09-04 06:00:00.000000
880675,362390,Quoted,2026-09-04 06:00:00.000000
880082,345079,Owner Change,2026-09-04 18:00:00.000000
880082,362390,Declined,2026-09-04 18:00:00.000000
880122,345079,Design Error,2026-09-04 18:00:00.000000
880122,362390,Quoted,2026-09-04 18:00:00.000000
880138,345079,Design Error,2026-09-04 18:00:00.000000
880138,362390,Budgeted,2026-09-04 18:00:00.000000
880191,345079,Unforeseen Condition,2026-09-04 18:00:00.000000
880191,362390,Budgeted,2026-09-04 18:00:00.000000
880380,345079,Unforeseen Condition,2026-09-04 18:00:00.000000
880380,362390,Budgeted,2026-09-04 18:00:00.000000
880447,345079,Owner Change,2026-09-04 18:00:00.000000
880447,362390,Approved,2026-09-04 18:00:00.000000
880465,345079,Unforeseen Condition,2026-09-04 18:00:00.000000
880465,362390,Quoted,2026-09-04 18:00:00.000000
880533,345079,Unforeseen Condition,2026-09-04 18:00:00.000000
880533,362390,Quoted,2026-09-04 18:00:00.000000
880675,345079,Owner Change,2026-09-04 18:00:00.000000
880675,362390,Quoted,2026-09-04 18:00:00.000000
880082,345079,Owner Change,2026-09-05 06:00:00.000000
880082,362390,Declined,2026-09-05 06:00:00.000000
880122,345079,Design Error,2026-09-05 06:00:00.000000
880122,362390,Quoted,2026-09-05 06:00:00.000000
880138,345079,Design Error,2026-09-05 06:00:00.000000
880138,362390,Budgeted,2026-09-05 06:00:00.000000
880191,345079,Unforeseen Condition,2026-09-05 06:00:00.000000
880191,362390,Budgeted,2026-09-05 06:00:00.000000
880380,345079,Unforeseen Condition,2026-09-05 06:00:00.000000
880380,362390,Budgeted,2026-09-05 06:00:00.000000
880447,345079,Owner Change,2026-09-05 06:00:00.000000
880447,362390,Approved,2026-09-05 06:00:00.000000
880465,345079,Unforeseen Condition,2026-09-05 06:00:00.000000
880465,362390,Quoted,2026-09-05 06:00:00.000000
880533,345079,Unforeseen Condition,2026-09-05 06:00:00.000000
880533,362390,Quoted,2026-09-05 06:00:00.000000
880668,345079,Design Error,2026-09-05 06:00:00.000000
880668,362390,Quoted,2026-09-05 06:00:00.000000
880675,345079,Owner Change,2026-09-05 06:00:00.000000
880675,362390,Quoted,2026-09-05 06:00:00.000000
880082,345079,Owner Change,2026-09-06 06:00:00.000000
880082,362390,Declined,2026-09-06 06:00:00.000000
880122,345079,Design Error,2026-09-06 06:00:00.000000
880122,362390,Quoted,2026-09-06 06:00:00.000000
880138,345079,Design Error,2026-09-06 06:00:00.000000
880138,362390,Budgeted,2026-09-06 06:00:00.000000
880191,345079,Unforeseen Condition,2026-09-06 06:00:00.000000
880191,362390,Budgeted,2026-09-06 06:00:00.000000
880211,345079,Design Error,2026-09-06 06:00:00.000000
880211,362390,Budgeted,2026-09-06 06:00:00.000000
880380,345079,Unforeseen Condition,2026-09-06 06:00:00.000000
880380,362390,Budgeted,2026-09-06 06:00:00.000000
880409,345079,Unforeseen Condition,2026-09-06 06:00:00.000000
880409,362390,Absorbed,2026-09-06 06:00:00.000000
880447,345079,Owner Change,2026-09-06 06:00:00.000000
880447,362390,Approved,2026-09-06 06:00:00.000000
880465,345079,Unforeseen Condition,2026-09-06 06:00:00.000000
880465,362390,Quoted,2026-09-06 06:00:00.000000
880533,345079,Unforeseen Condition,2026-09-06 06:00:00.000000
880533,362390,Quoted,2026-09-06 06:00:00.000000
880668,345079,Design Error,2026-09-06 06:00:00.000000
880668,362390,Quoted,2026-09-06 06:00:00.000000
880675,345079,Owner Change,2026-09-06 06:00:00.000000
880675,362390,Quoted,2026-09-06 06:00:00.000000
880082,345079,Owner Change,2026-09-07 06:00:00.000000
880082,362390,Declined,2026-09-07 06:00:00.000000
880122,345079,Design Error,2026-09-07 06:00:00.000000
880122,362390,Quoted,2026-09-07 06:00:00.000000
880138,345079,Design Error,2026-09-07 06:00:00.000000
880138,362390,Budgeted,2026-09-07 06:00:00.000000
880183,345079,Owner Change,2026-09-07 06:00:00.000000
880183,362390,Budgeted,2026-09-07 06:00:00.000000
880211,345079,Design Error,2026-09-07 06:00:00.000000
880211,362390,Budgeted,2026-09-07 06:00:00.000000
880269,345079,Design Error,2026-09-07 06:00:00.000000
880269,362390,Declined,2026-09-07 06:00:00.000000
880344,345079,Unforeseen Condition,2026-09-07 06:00:00.000000
880344,362390,Declined,2026-09-07 06:00:00.000000
880380,345079,Unforeseen Condition,2026-09-07 06:00:00.000000
880380,362390,Budgeted,2026-09-07 06:00:00.000000
880409,345079,Unforeseen Condition,2026-09-07 06:00:00.000000
880409,362390,Absorbed,2026-09-07 06:00:00.000000
880447,345079,Owner Change,2026-09-07 06:00:00.000000
880447,362390,Approved,2026-09-07 06:00:00.000000
880465,345079,Unforeseen Condition,2026-09-07 06:00:00.000000
880465,362390,Quoted,2026-09-07 06:00:00.000000
880492,345079,Unforeseen Condition,2026-09-07 06:00:00.000000
880492,362390,Budgeted,2026-09-07 06:00:00.000000
880533,345079,Unforeseen Condition,2026-09-07 06:00:00.000000
880533,362390,Quoted,2026-09-07 06:00:00.000000
880668,345079,Design Error,2026-09-07 06:00:00.000000
880668,362390,Quoted,2026-09-07 06:00:00.000000
880675,345079,Owner Change,2026-09-07 06:00:00.000000
880675,362390,Quoted,2026-09-07 06:00:00.000000
880082,345079,Owner Change,2026-09-07 18:00:00.000000
880082,362390,Declined,2026-09-07 18:00:00.000000
880122,345079,Design Error,2026-09-07 18:00:00.000000
880122,362390,Quoted,2026-09-07 18:00:00.000000
880138,345079,Design Error,2026-09-07 18:00:00.000000
880138,362390,Budgeted,2026-09-07 18:00:00.000000
880183,345079,Owner Change,2026-09-07 18:00:00.000000
880183,362390,Budgeted,2026-09-07 18:00:00.000000
880211,345079,Design Error,2026-09-07 18:00:00.000000
880211,362390,Budgeted,2026-09-07 18:00:00.000000
880269,345079,Design Error,2026-09-07 18:00:00.000000
880269,362390,Declined,2026-09-07 18:00:00.000000
880344,345079,Unforeseen Condition,2026-09-07 18:00:00.000000
880344,362390,Declined,2026-09-07 18:00:00.000000
880380,345079,Unforeseen Condition,2026-09-07 18:00:00.000000
880380,362390,Budgeted,2026-09-07 18:00:00.000000
880409,345079,Unforeseen Condition,2026-09-07 18:00:00.000000
880409,362390,Absorbed,2026-09-07 18:00:00.000000
880447,345079,Owner Change,2026-09-07 18:00:00.000000
880447,362390,Approved,2026-09-07 18:00:00.000000
880465,345079,Unforeseen Condition,2026-09-07 18:00:00.000000
880465,362390,Quoted,2026-09-07 18:00:00.000000
880492,345079,Unforeseen Condition,2026-09-07 18:00:00.000000
880492,362390,Budgeted,2026-09-07 18:00:00.000000
880533,345079,Unforeseen Condition,2026-09-07 18:00:00.000000
880533,362390,Quoted,2026-09-07 18:00:00.000000
880668,345079,Design Error,2026-09-07 18:00:00.000000
880668,362390,Quoted,2026-09-07 18:00:00.000000
880675,345079,Owner Change,2026-09-07 18:00:00.000000
880675,362390,Quoted,2026-09-07 18:00:00.000000
880082,345079,Owner Change,2026-09-08 06:00:00.000000
880082,362390,Declined,2026-09-08 06:00:00.000000
880122,345079,Design Error,2026-09-08 06:00:00.000000
880122,362390,Quoted,2026-09-08 06:00:00.000000
880138,345079,Design Error,2026-09-08 06:00:00.000000
880138,362390,Budgeted,2026-09-08 06:00:00.000000
880183,345079,Owner Change,2026-09-08 06:00:00.000000
880183,362390,Budgeted,2026-09-08 06:00:00.000000
880211,345079,Design Error,2026-09-08 06:00:00.000000
880211,362390,Budgeted,2026-09-08 06:00:00.000000
880269,345079,Design Error,2026-09-08 06:00:00.000000
880269,362390,Declined,2026-09-08 06:00:00.000000
880344,345079,Unforeseen Condition,2026-09-08 06:00:00.000000
880344,362390,Declined,2026-09-08 06:00:00.000000
880380,345079,Unforeseen Condition,2026-09-08 06:00:00.000000
880380,362390,Budgeted,2026-09-08 06:00:00.000000
880409,345079,Unforeseen Condition,2026-09-08 06:00:00.000000
880409,362390,Absorbed,2026-09-08 06:00:00.000000
880447,345079,Owner Change,2026-09-08 06:00:00.000000
880447,362390,Approved,2026-09-08 06:00:00.000000
880465,345079,Unforeseen Condition,2026-09-08 06:00:00.000000
880465,362390,Quoted,2026-09-08 06:00:00.000000
880476,345079,Unforeseen Condition,2026-09-08 06:00:00.000000
880476,362390,Declined,2026-09-08 06:00:00.000000
880492,345079,Unforeseen Condition,2026-09-08 06:00:00.000000
880492,362390,Budgeted,2026-09-08 06:00:00.000000
880527,345079,Unforeseen Condition,2026-09-08 06:00:00.000000
880527,362390,,2026-09-08 06:00:00.000000
880533,345079,Unforeseen Condition,2026-09-08 06:00:00.000000
880533,362390,Quoted,2026-09-08 06:00:00.000000
880553,345079,Unforeseen Condition,2026-09-08 06:00:00.000000
880553,362390,Absorbed,2026-09-08 06:00:00.000000
880592,345079,Owner Change,2026-09-08 06:00:00.000000
880592,362390,Approved,2026-09-08 06:00:00.000000
880668,345079,Design Error,2026-09-08 06:00:00.000000
880668,362390,Quoted,2026-09-08 06:00:00.000000
880675,345079,Owner Change,2026-09-08 06:00:00.000000
880675,362390,Quoted,2026-09-08 06:00:00.000000
880753,345079,Owner Change,2026-09-08 06:00:00.000000
880753,362390,Approved,2026-09-08 06:00:00.000000
880010,345079,Unforeseen Condition,2026-09-09 06:00:00.000000
880010,362390,Approved,2026-09-09 06:00:00.000000
880082,345079,Owner Change,2026-09-09 06:00:00.000000
880082,362390,Declined,2026-09-09 06:00:00.000000
880122,345079,Design Error,2026-09-09 06:00:00.000000
880122,362390,Quoted,2026-09-09 06:00:00.000000
880138,345079,Design Error,2026-09-09 06:00:00.000000
880138,362390,Budgeted,2026-09-09 06:00:00.000000
880183,345079,Owner Change,2026-09-09 06:00:00.000000
880183,362390,Budgeted,2026-09-09 06:00:00.000000
880211,345079,Design Error,2026-09-09 06:00:00.000000
880211,362390,Budgeted,2026-09-09 06:00:00.000000
880269,345079,Design Error,2026-09-09 06:00:00.000000
880269,362390,Declined,2026-09-09 06:00:00.000000
880301,345079,Unforeseen Condition,2026-09-09 06:00:00.000000
880301,362390,Absorbed,2026-09-09 06:00:00.000000
880344,345079,Unforeseen Condition,2026-09-09 06:00:00.000000
880344,362390,Declined,2026-09-09 06:00:00.000000
880380,345079,Unforeseen Condition,2026-09-09 06:00:00.000000
880380,362390,Budgeted,2026-09-09 06:00:00.000000
880409,345079,Unforeseen Condition,2026-09-09 06:00:00.000000
880409,362390,Absorbed,2026-09-09 06:00:00.000000
880447,345079,Owner Change,2026-09-09 06:00:00.000000
880447,362390,Approved,2026-09-09 06:00:00.000000
880465,345079,Unforeseen Condition,2026-09-09 06:00:00.000000
880465,362390,Quoted,2026-09-09 06:00:00.000000
880476,345079,Unforeseen Condition,2026-09-09 06:00:00.000000
880476,362390,Declined,2026-09-09 06:00:00.000000
880492,345079,Unforeseen Condition,2026-09-09 06:00:00.000000
880492,362390,Budgeted,2026-09-09 06:00:00.000000
880527,345079,Unforeseen Condition,2026-09-09 06:00:00.000000
880527,362390,,2026-09-09 06:00:00.000000
880533,345079,Unforeseen Condition,2026-09-09 06:00:00.000000
880533,362390,Quoted,2026-09-09 06:00:00.000000
880553,345079,Unforeseen Condition,2026-09-09 06:00:00.000000
880553,362390,Absorbed,2026-09-09 06:00:00.000000
880592,345079,Owner Change,2026-09-09 06:00:00.000000
880592,362390,Approved,2026-09-09 06:00:00.000000
880668,345079,Design Error,2026-09-09 06:00:00.000000
880668,362390,Quoted,2026-09-09 06:00:00.000000
880675,345079,Owner Change,2026-09-09 06:00:00.000000
880675,362390,Quoted,2026-09-09 06:00:00.000000
880753,345079,Owner Change,2026-09-09 06:00:00.000000
880753,362390,Approved,2026-09-09 06:00:00.000000
880010,345079,Unforeseen Condition,2026-09-10 06:00:00.000000
880010,362390,Approved,2026-09-10 06:00:00.000000
880082,345079,Owner Change,2026-09-10 06:00:00.000000
880082,362390,Declined,2026-09-10 06:00:00.000000
880122,345079,Design Error,2026-09-10 06:00:00.000000
880122,362390,Quoted,2026-09-10 06:00:00.000000
880138,345079,Design Error,2026-09-10 06:00:00.000000
880138,362390,Budgeted,2026-09-10 06:00:00.000000
880183,345079,Owner Change,2026-09-10 06:00:00.000000
880183,362390,Budgeted,2026-09-10 06:00:00.000000
880211,345079,Design Error,2026-09-10 06:00:00.000000
880211,362390,Budgeted,2026-09-10 06:00:00.000000
880269,345079,Design Error,2026-09-10 06:00:00.000000
880269,362390,Declined,2026-09-10 06:00:00.000000
880301,345079,Unforeseen Condition,2026-09-10 06:00:00.000000
880301,362390,Absorbed,2026-09-10 06:00:00.000000
880320,345079,Design Error,2026-09-10 06:00:00.000000
880320,362390,Quoted,2026-09-10 06:00:00.000000
880344,345079,Unforeseen Condition,2026-09-10 06:00:00.000000
880344,362390,Declined,2026-09-10 06:00:00.000000
880380,345079,Unforeseen Condition,2026-09-10 06:00:00.000000
880380,362390,Budgeted,2026-09-10 06:00:00.000000
880409,345079,Unforeseen Condition,2026-09-10 06:00:00.000000
880409,362390,Absorbed,2026-09-10 06:00:00.000000
880447,345079,Owner Change,2026-09-10 06:00:00.000000
880447,362390,Approved,2026-09-10 06:00:00.000000
880465,345079,Unforeseen Condition,2026-09-10 06:00:00.000000
880465,362390,Quoted,2026-09-10 06:00:00.000000
880476,345079,Unforeseen Condition,2026-09-10 06:00:00.000000
880476,362390,Declined,2026-09-10 06:00:00.000000
880492,345079,Unforeseen Condition,2026-09-10 06:00:00.000000
880492,362390,Budgeted,2026-09-10 06:00:00.000000
880527,345079,Unforeseen Condition,2026-09-10 06:00:00.000000
880527,362390,,2026-09-10 06:00:00.000000
880533,345079,Unforeseen Condition,2026-09-10 06:00:00.000000
880533,362390,Quoted,2026-09-10 06:00:00.000000
880553,345079,Unforeseen Condition,2026-09-10 06:00:00.000000
880553,362390,Absorbed,2026-09-10 06:00:00.000000
880592,345079,Owner Change,2026-09-10 06:00:00.000000
880592,362390,Approved,2026-09-10 06:00:00.000000
880668,345079,Design Error,2026-09-10 06:00:00.000000
880668,362390,Quoted,2026-09-10 06:00:00.000000
880675,345079,Owner Change,2026-09-10 06:00:00.000000
880675,362390,Quoted,2026-09-10 06:00:00.000000
880753,345079,Owner Change,2026-09-10 06:00:00.000000
880753,362390,Approved,2026-09-10 06:00:00.000000
880010,345079,Unforeseen Condition,2026-09-10 18:00:00.000000
880010,362390,Approved,2026-09-10 18:00:00.000000
880082,345079,Owner Change,2026-09-10 18:00:00.000000
880082,362390,Declined,2026-09-10 18:00:00.000000
880122,345079,Design Error,2026-09-10 18:00:00.000000
880122,362390,Quoted,2026-09-10 18:00:00.000000
880138,345079,Design Error,2026-09-10 18:00:00.000000
880138,362390,Budgeted,2026-09-10 18:00:00.000000
880183,345079,Owner Change,2026-09-10 18:00:00.000000
880183,362390,Budgeted,2026-09-10 18:00:00.000000
880211,345079,Design Error,2026-09-10 18:00:00.000000
880211,362390,Budgeted,2026-09-10 18:00:00.000000
880269,345079,Design Error,2026-09-10 18:00:00.000000
880269,362390,Declined,2026-09-10 18:00:00.000000
880301,345079,Unforeseen Condition,2026-09-10 18:00:00.000000
880301,362390,Absorbed,2026-09-10 18:00:00.000000
880320,345079,Design Error,2026-09-10 18:00:00.000000
880320,362390,Quoted,2026-09-10 18:00:00.000000
880344,345079,Unforeseen Condition,2026-09-10 18:00:00.000000
880344,362390,Declined,2026-09-10 18:00:00.000000
880380,345079,Unforeseen Condition,2026-09-10 18:00:00.000000
880380,362390,Budgeted,2026-09-10 18:00:00.000000
880409,345079,Unforeseen Condition,2026-09-10 18:00:00.000000
880409,362390,Absorbed,2026-09-10 18:00:00.000000
880447,345079,Owner Change,2026-09-10 18:00:00.000000
880447,362390,Approved,2026-09-10 18:00:00.000000
880465,345079,Unforeseen Condition,2026-09-10 18:00:00.000000
880465,362390,Quoted,2026-09-10 18:00:00.000000
880476,345079,Unforeseen Condition,2026-09-10 18:00:00.000000
880476,362390,Declined,2026-09-10 18:00:00.000000
880492,345079,Unforeseen Condition,2026-09-10 18:00:00.000000
880492,362390,Budgeted,2026-09-10 18:00:00.000000
880527,345079,Unforeseen Condition,2026-09-10 18:00:00.000000
880527,362390,,2026-09-10 18:00:00.000000
880533,345079,Unforeseen Condition,2026-09-10 18:00:00.000000
880533,362390,Quoted,2026-09-10 18:00:00.000000
880553,345079,Unforeseen Condition,2026-09-10 18:00:00.000000
880553,362390,Absorbed,2026-09-10 18:00:00.000000
880592,345079,Owner Change,2026-09-10 18:00:00.000000
880592,362390,Approved,2026-09-10 18:00:00.000000
880668,345079,Design Error,2026-09-10 18:00:00.000000
880668,362390,Quoted,2026-09-10 18:00:00.000000
880675,345079,Owner Change,2026-09-10 18:00:00.000000
880675,362390,Quoted,2026-09-10 18:00:00.000000
880753,345079,Owner Change,2026-09-10 18:00:00.000000
880753,362390,Approved,2026-09-10 18:00:00.000000
880010,345079,Unforeseen Condition,2026-09-11 06:00:00.000000
880010,362390,Approved,2026-09-11 06:00:00.000000
880082,345079,Owner Change,2026-09-11 06:00:00.000000
880082,362390,Declined,2026-09-11 06:00:00.000000
880122,345079,Design Error,2026-09-11 06:00:00.000000
880122,362390,Quoted,2026-09-11 06:00:00.000000
880138,345079,Design Error,2026-09-11 06:00:00.000000
880138,362390,Budgeted,2026-09-11 06:00:00.000000
880183,345079,Owner Change,2026-09-11 06:00:00.000000
880183,362390,Budgeted,2026-09-11 06:00:00.000000
880211,345079,Design Error,2026-09-11 06:00:00.000000
880211,362390,Budgeted,2026-09-11 06:00:00.000000
880249,345079,Design Error,2026-09-11 06:00:00.000000
880249,362390,Declined,2026-09-11 06:00:00.000000
880269,345079,Design Error,2026-09-11 06:00:00.000000
880269,362390,Declined,2026-09-11 06:00:00.000000
880301,345079,Unforeseen Condition,2026-09-11 06:00:00.000000
880301,362390,Absorbed,2026-09-11 06:00:00.000000
880320,345079,Design Error,2026-09-11 06:00:00.000000
880320,362390,Quoted,2026-09-11 06:00:00.000000
880344,345079,Unforeseen Condition,2026-09-11 06:00:00.000000
880344,362390,Declined,2026-09-11 06:00:00.000000
880380,345079,Unforeseen Condition,2026-09-11 06:00:00.000000
880380,362390,Budgeted,2026-09-11 06:00:00.000000
880409,345079,Unforeseen Condition,2026-09-11 06:00:00.000000
880409,362390,Absorbed,2026-09-11 06:00:00.000000
880447,345079,Owner Change,2026-09-11 06:00:00.000000
880447,362390,Approved,2026-09-11 06:00:00.000000
880465,345079,Unforeseen Condition,2026-09-11 06:00:00.000000
880465,362390,Quoted,2026-09-11 06:00:00.000000
880476,345079,Unforeseen Condition,2026-09-11 06:00:00.000000
880476,362390,Declined,2026-09-11 06:00:00.000000
880492,345079,Unforeseen Condition,2026-09-11 06:00:00.000000
880492,362390,Budgeted,2026-09-11 06:00:00.000000
880527,345079,Unforeseen Condition,2026-09-11 06:00:00.000000
880527,362390,,2026-09-11 06:00:00.000000
880533,345079,Unforeseen Condition,2026-09-11 06:00:00.000000
880533,362390,Quoted,2026-09-11 06:00:00.000000
880553,345079,Unforeseen Condition,2026-09-11 06:00:00.000000
880553,362390,Absorbed,2026-09-11 06:00:00.000000
880592,345079,Owner Change,2026-09-11 06:00:00.000000
880592,362390,Approved,2026-09-11 06:00:00.000000
880668,345079,Design Error,2026-09-11 06:00:00.000000
880668,362390,Quoted,2026-09-11 06:00:00.000000
880675,345079,Owner Change,2026-09-11 06:00:00.000000
880675,362390,Quoted,2026-09-11 06:00:00.000000
880753,345079,Owner Change,2026-09-11 06:00:00.000000
880753,362390,Approved,2026-09-11 06:00:00.000000
880010,345079,Unforeseen Condition,2026-09-12 06:00:00.000000
880010,362390,Approved,2026-09-12 06:00:00.000000
880082,345079,Owner Change,2026-09-12 06:00:00.000000
880082,362390,Declined,2026-09-12 06:00:00.000000
880122,345079,Design Error,2026-09-12 06:00:00.000000
880122,362390,Quoted,2026-09-12 06:00:00.000000
880138,345079,Design Error,2026-09-12 06:00:00.000000
880138,362390,Budgeted,2026-09-12 06:00:00.000000
880183,345079,Owner Change,2026-09-12 06:00:00.000000
880183,362390,Budgeted,2026-09-12 06:00:00.000000
880204,345079,Unforeseen Condition,2026-09-12 06:00:00.000000
880204,362390,,2026-09-12 06:00:00.000000
880211,345079,Design Error,2026-09-12 06:00:00.000000
880211,362390,Budgeted,2026-09-12 06:00:00.000000
880249,345079,Design Error,2026-09-12 06:00:00.000000
880249,362390,Declined,2026-09-12 06:00:00.000000
880269,345079,Design Error,2026-09-12 06:00:00.000000
880269,362390,Declined,2026-09-12 06:00:00.000000
880301,345079,Unforeseen Condition,2026-09-12 06:00:00.000000
880301,362390,Absorbed,2026-09-12 06:00:00.000000
880320,345079,Design Error,2026-09-12 06:00:00.000000
880320,362390,Quoted,2026-09-12 06:00:00.000000
880344,345079,Unforeseen Condition,2026-09-12 06:00:00.000000
880344,362390,Declined,2026-09-12 06:00:00.000000
880380,345079,Unforeseen Condition,2026-09-12 06:00:00.000000
880380,362390,Budgeted,2026-09-12 06:00:00.000000
880409,345079,Unforeseen Condition,2026-09-12 06:00:00.000000
880409,362390,Absorbed,2026-09-12 06:00:00.000000
880424,345079,Owner Change,2026-09-12 06:00:00.000000
880424,362390,Absorbed,2026-09-12 06:00:00.000000
880447,345079,Owner Change,2026-09-12 06:00:00.000000
880447,362390,Approved,2026-09-12 06:00:00.000000
880465,345079,Unforeseen Condition,2026-09-12 06:00:00.000000
880465,362390,Quoted,2026-09-12 06:00:00.000000
880476,345079,Unforeseen Condition,2026-09-12 06:00:00.000000
880476,362390,Declined,2026-09-12 06:00:00.000000
880492,345079,Unforeseen Condition,2026-09-12 06:00:00.000000
880492,362390,Budgeted,2026-09-12 06:00:00.000000
880527,345079,Unforeseen Condition,2026-09-12 06:00:00.000000
880527,362390,,2026-09-12 06:00:00.000000
880533,345079,Unforeseen Condition,2026-09-12 06:00:00.000000
880533,362390,Quoted,2026-09-12 06:00:00.000000
880553,345079,Unforeseen Condition,2026-09-12 06:00:00.000000
880553,362390,Absorbed,2026-09-12 06:00:00.000000
880592,345079,Owner Change,2026-09-12 06:00:00.000000
880592,362390,Approved,2026-09-12 06:00:00.000000
880668,345079,Design Error,2026-09-12 06:00:00.000000
880668,362390,Quoted,2026-09-12 06:00:00.000000
880675,345079,Owner Change,2026-09-12 06:00:00.000000
880675,362390,Quoted,2026-09-12 06:00:00.000000
880753,345079,Owner Change,2026-09-12 06:00:00.000000
880753,362390,Approved,2026-09-12 06:00:00.000000
880010,345079,Unforeseen Condition,2026-09-13 06:00:00.000000
880010,362390,Approved,2026-09-13 06:00:00.000000
880082,345079,Owner Change,2026-09-13 06:00:00.000000
880082,362390,Declined,2026-09-13 06:00:00.000000
880122,345079,Design Error,2026-09-13 06:00:00.000000
880122,362390,Quoted,2026-09-13 06:00:00.000000
880138,345079,Design Error,2026-09-13 06:00:00.000000
880138,362390,Budgeted,2026-09-13 06:00:00.000000
880183,345079,Owner Change,2026-09-13 06:00:00.000000
880183,362390,Budgeted,2026-09-13 06:00:00.000000
880204,345079,Unforeseen Condition,2026-09-13 06:00:00.000000
880204,362390,,2026-09-13 06:00:00.000000
880211,345079,Design Error,2026-09-13 06:00:00.000000
880211,362390,Budgeted,2026-09-13 06:00:00.000000
880249,345079,Design Error,2026-09-13 06:00:00.000000
880249,362390,Declined,2026-09-13 06:00:00.000000
880269,345079,Design Error,2026-09-13 06:00:00.000000
880269,362390,Declined,2026-09-13 06:00:00.000000
880301,345079,Unforeseen Condition,2026-09-13 06:00:00.000000
880301,362390,Absorbed,2026-09-13 06:00:00.000000
880320,345079,Design Error,2026-09-13 06:00:00.000000
880320,362390,Quoted,2026-09-13 06:00:00.000000
880344,345079,Unforeseen Condition,2026-09-13 06:00:00.000000
880344,362390,Declined,2026-09-13 06:00:00.000000
880380,345079,Unforeseen Condition,2026-09-13 06:00:00.000000
880380,362390,Budgeted,2026-09-13 06:00:00.000000
880409,345079,Unforeseen Condition,2026-09-13 06:00:00.000000
880409,362390,Absorbed,2026-09-13 06:00:00.000000
880424,345079,Owner Change,2026-09-13 06:00:00.000000
880424,362390,Absorbed,2026-09-13 06:00:00.000000
880447,345079,Owner Change,2026-09-13 06:00:00.000000
880447,362390,Approved,2026-09-13 06:00:00.000000
880465,345079,Unforeseen Condition,2026-09-13 06:00:00.000000
880465,362390,Quoted,2026-09-13 06:00:00.000000
880476,345079,Unforeseen Condition,2026-09-13 06:00:00.000000
880476,362390,Declined,2026-09-13 06:00:00.000000
880492,345079,Unforeseen Condition,2026-09-13 06:00:00.000000
880492,362390,Budgeted,2026-09-13 06:00:00.000000
880527,345079,Unforeseen Condition,2026-09-13 06:00:00.000000
880527,362390,,2026-09-13 06:00:00.000000
880533,345079,Unforeseen Condition,2026-09-13 06:00:00.000000
880533,362390,Quoted,2026-09-13 06:00:00.000000
880553,345079,Unforeseen Condition,2026-09-13 06:00:00.000000
880553,362390,Absorbed,2026-09-13 06:00:00.000000
880592,345079,Owner Change,2026-09-13 06:00:00.000000
880592,362390,Approved,2026-09-13 06:00:00.000000
880631,345079,Owner Change,2026-09-13 06:00:00.000000
880631,362390,Quoted,2026-09-13 06:00:00.000000
880668,345079,Design Error,2026-09-13 06:00:00.000000
880668,362390,Quoted,2026-09-13 06:00:00.000000
880675,345079,Owner Change,2026-09-13 06:00:00.000000
880675,362390,Quoted,2026-09-13 06:00:00.000000
880715,345079,Design Error,2026-09-13 06:00:00.000000
880715,362390,,2026-09-13 06:00:00.000000
880753,345079,Owner Change,2026-09-13 06:00:00.000000
880753,362390,Approved,2026-09-13 06:00:00.000000
880010,345079,Unforeseen Condition,2026-09-13 18:00:00.000000
880010,362390,Approved,2026-09-13 18:00:00.000000
880082,345079,Owner Change,2026-09-13 18:00:00.000000
880082,362390,Declined,2026-09-13 18:00:00.000000
880122,345079,Design Error,2026-09-13 18:00:00.000000
880122,362390,Quoted,2026-09-13 18:00:00.000000
880138,345079,Design Error,2026-09-13 18:00:00.000000
880138,362390,Budgeted,2026-09-13 18:00:00.000000
880183,345079,Owner Change,2026-09-13 18:00:00.000000
880183,362390,Budgeted,2026-09-13 18:00:00.000000
880204,345079,Unforeseen Condition,2026-09-13 18:00:00.000000
880204,362390,,2026-09-13 18:00:00.000000
880211,345079,Design Error,2026-09-13 18:00:00.000000
880211,362390,Budgeted,2026-09-13 18:00:00.000000
880249,345079,Design Error,2026-09-13 18:00:00.000000
880249,362390,Declined,2026-09-13 18:00:00.000000
880269,345079,Design Error,2026-09-13 18:00:00.000000
880269,362390,Declined,2026-09-13 18:00:00.000000
880301,345079,Unforeseen Condition,2026-09-13 18:00:00.000000
880301,362390,Absorbed,2026-09-13 18:00:00.000000
880320,345079,Design Error,2026-09-13 18:00:00.000000
880320,362390,Quoted,2026-09-13 18:00:00.000000
880344,345079,Unforeseen Condition,2026-09-13 18:00:00.000000
880344,362390,Declined,2026-09-13 18:00:00.000000
880380,345079,Unforeseen Condition,2026-09-13 18:00:00.000000
880380,362390,Budgeted,2026-09-13 18:00:00.000000
880409,345079,Unforeseen Condition,2026-09-13 18:00:00.000000
880409,362390,Absorbed,2026-09-13 18:00:00.000000
880424,345079,Owner Change,2026-09-13 18:00:00.000000
880424,362390,Absorbed,2026-09-13 18:00:00.000000
880447,345079,Owner Change,2026-09-13 18:00:00.000000
880447,362390,Approved,2026-09-13 18:00:00.000000
880465,345079,Unforeseen Condition,2026-09-13 18:00:00.000000
880465,362390,Quoted,2026-09-13 18:00:00.000000
880476,345079,Unforeseen Condition,2026-09-13 18:00:00.000000
880476,362390,Declined,2026-09-13 18:00:00.000000
880492,345079,Unforeseen Condition,2026-09-13 18:00:00.000000
880492,362390,Budgeted,2026-09-13 18:00:00.000000
880527,345079,Unforeseen Condition,2026-09-13 18:00:00.000000
880527,362390,,2026-09-13 18:00:00.000000
880533,345079,Unforeseen Condition,2026-09-13 18:00:00.000000
880533,362390,Quoted,2026-09-13 18:00:00.000000
880553,345079,Unforeseen Condition,2026-09-13 18:00:00.000000
880553,362390,Absorbed,2026-09-13 18:00:00.000000
880592,345079,Owner Change,2026-09-13 18:00:00.000000
880592,362390,Approved,2026-09-13 18:00:00.000000
880631,345079,Owner Change,2026-09-13 18:00:00.000000
880631,362390,Quoted,2026-09-13 18:00:00.000000
880668,345079,Design Error,2026-09-13 18:00:00.000000
880668,362390,Quoted,2026-09-13 18:00:00.000000
880675,345079,Owner Change,2026-09-13 18:00:00.000000
880675,362390,Quoted,2026-09-13 18:00:00.000000
880715,345079,Design Error,2026-09-13 18:00:00.000000
880715,362390,,2026-09-13 18:00:00.000000
880753,345079,Owner Change,2026-09-13 18:00:00.000000
880753,362390,Approved,2026-09-13 18:00:00.000000
880010,345079,Unforeseen Condition,2026-09-14 06:00:00.000000
880010,362390,Approved,2026-09-14 06:00:00.000000
880047,345079,Owner Change,2026-09-14 06:00:00.000000
880047,362390,Quoted,2026-09-14 06:00:00.000000
880082,345079,Owner Change,2026-09-14 06:00:00.000000
880082,362390,Declined,2026-09-14 06:00:00.000000
880122,345079,Design Error,2026-09-14 06:00:00.000000
880122,362390,Quoted,2026-09-14 06:00:00.000000
880138,345079,Design Error,2026-09-14 06:00:00.000000
880138,362390,Budgeted,2026-09-14 06:00:00.000000
880183,345079,Owner Change,2026-09-14 06:00:00.000000
880183,362390,Budgeted,2026-09-14 06:00:00.000000
880204,345079,Unforeseen Condition,2026-09-14 06:00:00.000000
880204,362390,,2026-09-14 06:00:00.000000
880211,345079,Design Error,2026-09-14 06:00:00.000000
880211,362390,Budgeted,2026-09-14 06:00:00.000000
880249,345079,Design Error,2026-09-14 06:00:00.000000
880249,362390,Declined,2026-09-14 06:00:00.000000
880269,345079,Design Error,2026-09-14 06:00:00.000000
880269,362390,Declined,2026-09-14 06:00:00.000000
880301,345079,Unforeseen Condition,2026-09-14 06:00:00.000000
880301,362390,Absorbed,2026-09-14 06:00:00.000000
880320,345079,Design Error,2026-09-14 06:00:00.000000
880320,362390,Quoted,2026-09-14 06:00:00.000000
880344,345079,Unforeseen Condition,2026-09-14 06:00:00.000000
880344,362390,Declined,2026-09-14 06:00:00.000000
880380,345079,Unforeseen Condition,2026-09-14 06:00:00.000000
880380,362390,Budgeted,2026-09-14 06:00:00.000000
880390,345079,Unforeseen Condition,2026-09-14 06:00:00.000000
880390,362390,,2026-09-14 06:00:00.000000
880409,345079,Unforeseen Condition,2026-09-14 06:00:00.000000
880409,362390,Absorbed,2026-09-14 06:00:00.000000
880424,345079,Owner Change,2026-09-14 06:00:00.000000
880424,362390,Absorbed,2026-09-14 06:00:00.000000
880447,345079,Owner Change,2026-09-14 06:00:00.000000
880447,362390,Approved,2026-09-14 06:00:00.000000
880465,345079,Unforeseen Condition,2026-09-14 06:00:00.000000
880465,362390,Quoted,2026-09-14 06:00:00.000000
880476,345079,Unforeseen Condition,2026-09-14 06:00:00.000000
880476,362390,Declined,2026-09-14 06:00:00.000000
880492,345079,Unforeseen Condition,2026-09-14 06:00:00.000000
880492,362390,Budgeted,2026-09-14 06:00:00.000000
880527,345079,Unforeseen Condition,2026-09-14 06:00:00.000000
880527,362390,,2026-09-14 06:00:00.000000
880533,345079,Unforeseen Condition,2026-09-14 06:00:00.000000
880533,362390,Quoted,2026-09-14 06:00:00.000000
880553,345079,Unforeseen Condition,2026-09-14 06:00:00.000000
880553,362390,Absorbed,2026-09-14 06:00:00.000000
880592,345079,Owner Change,2026-09-14 06:00:00.000000
880592,362390,Approved,2026-09-14 06:00:00.000000
880622,345079,Owner Change,2026-09-14 06:00:00.000000
880622,362390,,2026-09-14 06:00:00.000000
880631,345079,Owner Change,2026-09-14 06:00:00.000000
880631,362390,Quoted,2026-09-14 06:00:00.000000
880668,345079,Design Error,2026-09-14 06:00:00.000000
880668,362390,Quoted,2026-09-14 06:00:00.000000
880675,345079,Owner Change,2026-09-14 06:00:00.000000
880675,362390,Quoted,2026-09-14 06:00:00.000000
880715,345079,Design Error,2026-09-14 06:00:00.000000
880715,362390,,2026-09-14 06:00:00.000000
880753,345079,Owner Change,2026-09-14 06:00:00.000000
880753,362390,Approved,2026-09-14 06:00:00.000000
880010,345079,Unforeseen Condition,2026-09-15 06:00:00.000000
880010,362390,Approved,2026-09-15 06:00:00.000000
880047,345079,Owner Change,2026-09-15 06:00:00.000000
880047,362390,Quoted,2026-09-15 06:00:00.000000
880082,345079,Owner Change,2026-09-15 06:00:00.000000
880082,362390,Declined,2026-09-15 06:00:00.000000
880122,345079,Design Error,2026-09-15 06:00:00.000000
880122,362390,Quoted,2026-09-15 06:00:00.000000
880138,345079,Design Error,2026-09-15 06:00:00.000000
880138,362390,Budgeted,2026-09-15 06:00:00.000000
880157,345079,Unforeseen Condition,2026-09-15 06:00:00.000000
880157,362390,Budgeted,2026-09-15 06:00:00.000000
880183,345079,Owner Change,2026-09-15 06:00:00.000000
880183,362390,Budgeted,2026-09-15 06:00:00.000000
880204,345079,Unforeseen Condition,2026-09-15 06:00:00.000000
880204,362390,,2026-09-15 06:00:00.000000
880211,345079,Design Error,2026-09-15 06:00:00.000000
880211,362390,Budgeted,2026-09-15 06:00:00.000000
880249,345079,Design Error,2026-09-15 06:00:00.000000
880249,362390,Declined,2026-09-15 06:00:00.000000
880269,345079,Design Error,2026-09-15 06:00:00.000000
880269,362390,Declined,2026-09-15 06:00:00.000000
880301,345079,Unforeseen Condition,2026-09-15 06:00:00.000000
880301,362390,Absorbed,2026-09-15 06:00:00.000000
880380,345079,Unforeseen Condition,2026-09-15 06:00:00.000000
880380,362390,Budgeted,2026-09-15 06:00:00.000000
880390,345079,Unforeseen Condition,2026-09-15 06:00:00.000000
880390,362390,,2026-09-15 06:00:00.000000
880409,345079,Unforeseen Condition,2026-09-15 06:00:00.000000
880409,362390,Absorbed,2026-09-15 06:00:00.000000
880424,345079,Owner Change,2026-09-15 06:00:00.000000
880424,362390,Absorbed,2026-09-15 06:00:00.000000
880447,345079,Owner Change,2026-09-15 06:00:00.000000
880447,362390,Approved,2026-09-15 06:00:00.000000
880465,345079,Unforeseen Condition,2026-09-15 06:00:00.000000
880465,362390,Quoted,2026-09-15 06:00:00.000000
880492,345079,Unforeseen Condition,2026-09-15 06:00:00.000000
880492,362390,Budgeted,2026-09-15 06:00:00.000000
880523,345079,Owner Change,2026-09-15 06:00:00.000000
880523,362390,Budgeted,2026-09-15 06:00:00.000000
880527,345079,Unforeseen Condition,2026-09-15 06:00:00.000000
880527,362390,,2026-09-15 06:00:00.000000
880533,345079,Unforeseen Condition,2026-09-15 06:00:00.000000
880533,362390,Quoted,2026-09-15 06:00:00.000000
880592,345079,Owner Change,2026-09-15 06:00:00.000000
880592,362390,Approved,2026-09-15 06:00:00.000000
880622,345079,Owner Change,2026-09-15 06:00:00.000000
880622,362390,,2026-09-15 06:00:00.000000
880631,345079,Owner Change,2026-09-15 06:00:00.000000
880631,362390,Quoted,2026-09-15 06:00:00.000000
880668,345079,Design Error,2026-09-15 06:00:00.000000
880668,362390,Quoted,2026-09-15 06:00:00.000000
880675,345079,Owner Change,2026-09-15 06:00:00.000000
880675,362390,Quoted,2026-09-15 06:00:00.000000
880715,345079,Design Error,2026-09-15 06:00:00.000000
880715,362390,,2026-09-15 06:00:00.000000
880010,345079,Unforeseen Condition,2026-09-16 06:00:00.000000
880010,362390,Approved,2026-09-16 06:00:00.000000
880047,345079,Owner Change,2026-09-16 06:00:00.000000
880047,362390,Quoted,2026-09-16 06:00:00.000000
880082,345079,Owner Change,2026-09-16 06:00:00.000000
880082,362390,Declined,2026-09-16 06:00:00.000000
880122,345079,Design Error,2026-09-16 06:00:00.000000
880122,362390,Quoted,2026-09-16 06:00:00.000000
880138,345079,Design Error,2026-09-16 06:00:00.000000
880138,362390,Budgeted,2026-09-16 06:00:00.000000
880157,345079,Unforeseen Condition,2026-09-16 06:00:00.000000
880157,362390,Budgeted,2026-09-16 06:00:00.000000
880183,345079,Owner Change,2026-09-16 06:00:00.000000
880183,362390,Budgeted,2026-09-16 06:00:00.000000
880204,345079,Unforeseen Condition,2026-09-16 06:00:00.000000
880204,362390,,2026-09-16 06:00:00.000000
880211,345079,Design Error,2026-09-16 06:00:00.000000
880211,362390,Budgeted,2026-09-16 06:00:00.000000
880249,345079,Design Error,2026-09-16 06:00:00.000000
880249,362390,Declined,2026-09-16 06:00:00.000000
880269,345079,Design Error,2026-09-16 06:00:00.000000
880269,362390,Declined,2026-09-16 06:00:00.000000
880301,345079,Unforeseen Condition,2026-09-16 06:00:00.000000
880301,362390,Absorbed,2026-09-16 06:00:00.000000
880331,345079,Owner Change,2026-09-16 06:00:00.000000
880331,362390,,2026-09-16 06:00:00.000000
880380,345079,Unforeseen Condition,2026-09-16 06:00:00.000000
880380,362390,Budgeted,2026-09-16 06:00:00.000000
880390,345079,Unforeseen Condition,2026-09-16 06:00:00.000000
880390,362390,,2026-09-16 06:00:00.000000
880409,345079,Unforeseen Condition,2026-09-16 06:00:00.000000
880409,362390,Absorbed,2026-09-16 06:00:00.000000
880424,345079,Owner Change,2026-09-16 06:00:00.000000
880424,362390,Absorbed,2026-09-16 06:00:00.000000
880447,345079,Owner Change,2026-09-16 06:00:00.000000
880447,362390,Approved,2026-09-16 06:00:00.000000
880465,345079,Unforeseen Condition,2026-09-16 06:00:00.000000
880465,362390,Quoted,2026-09-16 06:00:00.000000
880492,345079,Unforeseen Condition,2026-09-16 06:00:00.000000
880492,362390,Budgeted,2026-09-16 06:00:00.000000
880523,345079,Owner Change,2026-09-16 06:00:00.000000
880523,362390,Budgeted,2026-09-16 06:00:00.000000
880527,345079,Unforeseen Condition,2026-09-16 06:00:00.000000
880527,362390,,2026-09-16 06:00:00.000000
880533,345079,Unforeseen Condition,2026-09-16 06:00:00.000000
880533,362390,Quoted,2026-09-16 06:00:00.000000
880592,345079,Owner Change,2026-09-16 06:00:00.000000
880592,362390,Approved,2026-09-16 06:00:00.000000
880622,345079,Owner Change,2026-09-16 06:00:00.000000
880622,362390,,2026-09-16 06:00:00.000000
880631,345079,Owner Change,2026-09-16 06:00:00.000000
880631,362390,Quoted,2026-09-16 06:00:00.000000
880668,345079,Design Error,2026-09-16 06:00:00.000000
880668,362390,Quoted,2026-09-16 06:00:00.000000
880675,345079,Owner Change,2026-09-16 06:00:00.000000
880675,362390,Quoted,2026-09-16 06:00:00.000000
880688,345079,Owner Change,2026-09-16 06:00:00.000000
880688,362390,Quoted,2026-09-16 06:00:00.000000
880715,345079,Design Error,2026-09-16 06:00:00.000000
880715,362390,,2026-09-16 06:00:00.000000
880010,345079,Unforeseen Condition,2026-09-16 18:00:00.000000
880010,362390,Approved,2026-09-16 18:00:00.000000
880047,345079,Owner Change,2026-09-16 18:00:00.000000
880047,362390,Quoted,2026-09-16 18:00:00.000000
880082,345079,Owner Change,2026-09-16 18:00:00.000000
880082,362390,Declined,2026-09-16 18:00:00.000000
880122,345079,Design Error,2026-09-16 18:00:00.000000
880122,362390,Quoted,2026-09-16 18:00:00.000000
880138,345079,Design Error,2026-09-16 18:00:00.000000
880138,362390,Budgeted,2026-09-16 18:00:00.000000
880157,345079,Unforeseen Condition,2026-09-16 18:00:00.000000
880157,362390,Budgeted,2026-09-16 18:00:00.000000
880183,345079,Owner Change,2026-09-16 18:00:00.000000
880183,362390,Budgeted,2026-09-16 18:00:00.000000
880204,345079,Unforeseen Condition,2026-09-16 18:00:00.000000
880204,362390,,2026-09-16 18:00:00.000000
880211,345079,Design Error,2026-09-16 18:00:00.000000
880211,362390,Budgeted,2026-09-16 18:00:00.000000
880249,345079,Design Error,2026-09-16 18:00:00.000000
880249,362390,Declined,2026-09-16 18:00:00.000000
880269,345079,Design Error,2026-09-16 18:00:00.000000
880269,362390,Declined,2026-09-16 18:00:00.000000
880301,345079,Unforeseen Condition,2026-09-16 18:00:00.000000
880301,362390,Absorbed,2026-09-16 18:00:00.000000
880331,345079,Owner Change,2026-09-16 18:00:00.000000
880331,362390,,2026-09-16 18:00:00.000000
880380,345079,Unforeseen Condition,2026-09-16 18:00:00.000000
880380,362390,Budgeted,2026-09-16 18:00:00.000000
880390,345079,Unforeseen Condition,2026-09-16 18:00:00.000000
880390,362390,,2026-09-16 18:00:00.000000
880409,345079,Unforeseen Condition,2026-09-16 18:00:00.000000
880409,362390,Absorbed,2026-09-16 18:00:00.000000
880424,345079,Owner Change,2026-09-16 18:00:00.000000
880424,362390,Absorbed,2026-09-16 18:00:00.000000
880447,345079,Owner Change,2026-09-16 18:00:00.000000
880447,362390,Approved,2026-09-16 18:00:00.000000
880465,345079,Unforeseen Condition,2026-09-16 18:00:00.000000
880465,362390,Quoted,2026-09-16 18:00:00.000000
880492,345079,Unforeseen Condition,2026-09-16 18:00:00.000000
880492,362390,Budgeted,2026-09-16 18:00:00.000000
880523,345079,Owner Change,2026-09-16 18:00:00.000000
880523,362390,Budgeted,2026-09-16 18:00:00.000000
880527,345079,Unforeseen Condition,2026-09-16 18:00:00.000000
880527,362390,,2026-09-16 18:00:00.000000
880533,345079,Unforeseen Condition,2026-09-16 18:00:00.000000
880533,362390,Quoted,2026-09-16 18:00:00.000000
880592,345079,Owner Change,2026-09-16 18:00:00.000000
880592,362390,Approved,2026-09-16 18:00:00.000000
880622,345079,Owner Change,2026-09-16 18:00:00.000000
880622,362390,,2026-09-16 18:00:00.000000
880631,345079,Owner Change,2026-09-16 18:00:00.000000
880631,362390,Quoted,2026-09-16 18:00:00.000000
880668,345079,Design Error,2026-09-16 18:00:00.000000
880668,362390,Quoted,2026-09-16 18:00:00.000000
880675,345079,Owner Change,2026-09-16 18:00:00.000000
880675,362390,Quoted,2026-09-16 18:00:00.000000
880688,345079,Owner Change,2026-09-16 18:00:00.000000
880688,362390,Quoted,2026-09-16 18:00:00.000000
880715,345079,Design Error,2026-09-16 18:00:00.000000
880715,362390,,2026-09-16 18:00:00.000000
880010,345079,Unforeseen Condition,2026-09-17 06:00:00.000000
880010,362390,Approved,2026-09-17 06:00:00.000000
880047,345079,Owner Change,2026-09-17 06:00:00.000000
880047,362390,Quoted,2026-09-17 06:00:00.000000
880082,345079,Owner Change,2026-09-17 06:00:00.000000
880082,362390,Declined,2026-09-17 06:00:00.000000
880122,345079,Design Error,2026-09-17 06:00:00.000000
880122,362390,Quoted,2026-09-17 06:00:00.000000
880138,345079,Design Error,2026-09-17 06:00:00.000000
880138,362390,Budgeted,2026-09-17 06:00:00.000000
880157,345079,Unforeseen Condition,2026-09-17 06:00:00.000000
880157,362390,Budgeted,2026-09-17 06:00:00.000000
880183,345079,Owner Change,2026-09-17 06:00:00.000000
880183,362390,Budgeted,2026-09-17 06:00:00.000000
880204,345079,Unforeseen Condition,2026-09-17 06:00:00.000000
880204,362390,,2026-09-17 06:00:00.000000
880211,345079,Design Error,2026-09-17 06:00:00.000000
880211,362390,Budgeted,2026-09-17 06:00:00.000000
880249,345079,Design Error,2026-09-17 06:00:00.000000
880249,362390,Declined,2026-09-17 06:00:00.000000
880269,345079,Design Error,2026-09-17 06:00:00.000000
880269,362390,Declined,2026-09-17 06:00:00.000000
880301,345079,Unforeseen Condition,2026-09-17 06:00:00.000000
880301,362390,Absorbed,2026-09-17 06:00:00.000000
880331,345079,Owner Change,2026-09-17 06:00:00.000000
880331,362390,,2026-09-17 06:00:00.000000
880380,345079,Unforeseen Condition,2026-09-17 06:00:00.000000
880380,362390,Budgeted,2026-09-17 06:00:00.000000
880390,345079,Unforeseen Condition,2026-09-17 06:00:00.000000
880390,362390,,2026-09-17 06:00:00.000000
880409,345079,Unforeseen Condition,2026-09-17 06:00:00.000000
880409,362390,Absorbed,2026-09-17 06:00:00.000000
880424,345079,Owner Change,2026-09-17 06:00:00.000000
880424,362390,Absorbed,2026-09-17 06:00:00.000000
880447,345079,Owner Change,2026-09-17 06:00:00.000000
880447,362390,Approved,2026-09-17 06:00:00.000000
880465,345079,Unforeseen Condition,2026-09-17 06:00:00.000000
880465,362390,Quoted,2026-09-17 06:00:00.000000
880492,345079,Unforeseen Condition,2026-09-17 06:00:00.000000
880492,362390,Budgeted,2026-09-17 06:00:00.000000
880523,345079,Owner Change,2026-09-17 06:00:00.000000
880523,362390,Budgeted,2026-09-17 06:00:00.000000
880527,345079,Unforeseen Condition,2026-09-17 06:00:00.000000
880527,362390,,2026-09-17 06:00:00.000000
880533,345079,Unforeseen Condition,2026-09-17 06:00:00.000000
880533,362390,Quoted,2026-09-17 06:00:00.000000
880592,345079,Owner Change,2026-09-17 06:00:00.000000
880592,362390,Approved,2026-09-17 06:00:00.000000
880622,345079,Owner Change,2026-09-17 06:00:00.000000
880622,362390,,2026-09-17 06:00:00.000000
880631,345079,Owner Change,2026-09-17 06:00:00.000000
880631,362390,Quoted,2026-09-17 06:00:00.000000
880668,345079,Design Error,2026-09-17 06:00:00.000000
880668,362390,Quoted,2026-09-17 06:00:00.000000
880675,345079,Owner Change,2026-09-17 06:00:00.000000
880675,362390,Quoted,2026-09-17 06:00:00.000000
880688,345079,Owner Change,2026-09-17 06:00:00.000000
880688,362390,Quoted,2026-09-17 06:00:00.000000
880715,345079,Design Error,2026-09-17 06:00:00.000000
880715,362390,,2026-09-17 06:00:00.000000
880010,345079,Unforeseen Condition,2026-09-18 06:00:00.000000
880010,362390,Approved,2026-09-18 06:00:00.000000
880047,345079,Owner Change,2026-09-18 06:00:00.000000
880047,362390,Quoted,2026-09-18 06:00:00.000000
880082,345079,Owner Change,2026-09-18 06:00:00.000000
880082,362390,Declined,2026-09-18 06:00:00.000000
880122,345079,Design Error,2026-09-18 06:00:00.000000
880122,362390,Quoted,2026-09-18 06:00:00.000000
880138,345079,Design Error,2026-09-18 06:00:00.000000
880138,362390,Budgeted,2026-09-18 06:00:00.000000
880157,345079,Unforeseen Condition,2026-09-18 06:00:00.000000
880157,362390,Budgeted,2026-09-18 06:00:00.000000
880183,345079,Owner Change,2026-09-18 06:00:00.000000
880183,362390,Budgeted,2026-09-18 06:00:00.000000
880204,345079,Unforeseen Condition,2026-09-18 06:00:00.000000
880204,362390,,2026-09-18 06:00:00.000000
880211,345079,Design Error,2026-09-18 06:00:00.000000
880211,362390,Budgeted,2026-09-18 06:00:00.000000
880249,345079,Design Error,2026-09-18 06:00:00.000000
880249,362390,Declined,2026-09-18 06:00:00.000000
880269,345079,Design Error,2026-09-18 06:00:00.000000
880269,362390,Declined,2026-09-18 06:00:00.000000
880301,345079,Unforeseen Condition,2026-09-18 06:00:00.000000
880301,362390,Absorbed,2026-09-18 06:00:00.000000
880331,345079,Owner Change,2026-09-18 06:00:00.000000
880331,362390,,2026-09-18 06:00:00.000000
880380,345079,Unforeseen Condition,2026-09-18 06:00:00.000000
880380,362390,Budgeted,2026-09-18 06:00:00.000000
880390,345079,Unforeseen Condition,2026-09-18 06:00:00.000000
880390,362390,,2026-09-18 06:00:00.000000
880409,345079,Unforeseen Condition,2026-09-18 06:00:00.000000
880409,362390,Absorbed,2026-09-18 06:00:00.000000
880424,345079,Owner Change,2026-09-18 06:00:00.000000
880424,362390,Absorbed,2026-09-18 06:00:00.000000
880447,345079,Owner Change,2026-09-18 06:00:00.000000
880447,362390,Approved,2026-09-18 06:00:00.000000
880465,345079,Unforeseen Condition,2026-09-18 06:00:00.000000
880465,362390,Quoted,2026-09-18 06:00:00.000000
880492,345079,Unforeseen Condition,2026-09-18 06:00:00.000000
880492,362390,Budgeted,2026-09-18 06:00:00.000000
880523,345079,Owner Change,2026-09-18 06:00:00.000000
880523,362390,Budgeted,2026-09-18 06:00:00.000000
880527,345079,Unforeseen Condition,2026-09-18 06:00:00.000000
880527,362390,,2026-09-18 06:00:00.000000
880533,345079,Unforeseen Condition,2026-09-18 06:00:00.000000
880533,362390,Quoted,2026-09-18 06:00:00.000000
880592,345079,Owner Change,2026-09-18 06:00:00.000000
880592,362390,Approved,2026-09-18 06:00:00.000000
880622,345079,Owner Change,2026-09-18 06:00:00.000000
880622,362390,,2026-09-18 06:00:00.000000
880631,345079,Owner Change,2026-09-18 06:00:00.000000
880631,362390,Quoted,2026-09-18 06:00:00.000000
880668,345079,Design Error,2026-09-18 06:00:00.000000
880668,362390,Quoted,2026-09-18 06:00:00.000000
880675,345079,Owner Change,2026-09-18 06:00:00.000000
880675,362390,Quoted,2026-09-18 06:00:00.000000
880688,345079,Owner Change,2026-09-18 06:00:00.000000
880688,362390,Quoted,2026-09-18 06:00:00.000000
880715,345079,Design Error,2026-09-18 06:00:00.000000
880715,362390,,2026-09-18 06:00:00.000000
880010,345079,Unforeseen Condition,2026-09-19 06:00:00.000000
880010,362390,Approved,2026-09-19 06:00:00.000000
880047,345079,Owner Change,2026-09-19 06:00:00.000000
880047,362390,Quoted,2026-09-19 06:00:00.000000
880082,345079,Owner Change,2026-09-19 06:00:00.000000
880082,362390,Declined,2026-09-19 06:00:00.000000
880122,345079,Design Error,2026-09-19 06:00:00.000000
880122,362390,Quoted,2026-09-19 06:00:00.000000
880138,345079,Design Error,2026-09-19 06:00:00.000000
880138,362390,Budgeted,2026-09-19 06:00:00.000000
880157,345079,Unforeseen Condition,2026-09-19 06:00:00.000000
880157,362390,Budgeted,2026-09-19 06:00:00.000000
880183,345079,Owner Change,2026-09-19 06:00:00.000000
880183,362390,Budgeted,2026-09-19 06:00:00.000000
880204,345079,Unforeseen Condition,2026-09-19 06:00:00.000000
880204,362390,,2026-09-19 06:00:00.000000
880211,345079,Design Error,2026-09-19 06:00:00.000000
880211,362390,Budgeted,2026-09-19 06:00:00.000000
880249,345079,Design Error,2026-09-19 06:00:00.000000
880249,362390,Declined,2026-09-19 06:00:00.000000
880269,345079,Design Error,2026-09-19 06:00:00.000000
880269,362390,Declined,2026-09-19 06:00:00.000000
880301,345079,Unforeseen Condition,2026-09-19 06:00:00.000000
880301,362390,Absorbed,2026-09-19 06:00:00.000000
880331,345079,Owner Change,2026-09-19 06:00:00.000000
880331,362390,,2026-09-19 06:00:00.000000
880380,345079,Unforeseen Condition,2026-09-19 06:00:00.000000
880380,362390,Budgeted,2026-09-19 06:00:00.000000
880390,345079,Unforeseen Condition,2026-09-19 06:00:00.000000
880390,362390,,2026-09-19 06:00:00.000000
880409,345079,Unforeseen Condition,2026-09-19 06:00:00.000000
880409,362390,Absorbed,2026-09-19 06:00:00.000000
880424,345079,Owner Change,2026-09-19 06:00:00.000000
880424,362390,Absorbed,2026-09-19 06:00:00.000000
880447,345079,Owner Change,2026-09-19 06:00:00.000000
880447,362390,Approved,2026-09-19 06:00:00.000000
880465,345079,Unforeseen Condition,2026-09-19 06:00:00.000000
880465,362390,Quoted,2026-09-19 06:00:00.000000
880492,345079,Unforeseen Condition,2026-09-19 06:00:00.000000
880492,362390,Budgeted,2026-09-19 06:00:00.000000
880523,345079,Owner Change,2026-09-19 06:00:00.000000
880523,362390,Budgeted,2026-09-19 06:00:00.000000
880527,345079,Unforeseen Condition,2026-09-19 06:00:00.000000
880527,362390,,2026-09-19 06:00:00.000000
880533,345079,Unforeseen Condition,2026-09-19 06:00:00.000000
880533,362390,Quoted,2026-09-19 06:00:00.000000
880592,345079,Owner Change,2026-09-19 06:00:00.000000
880592,362390,Approved,2026-09-19 06:00:00.000000
880622,345079,Owner Change,2026-09-19 06:00:00.000000
880622,362390,,2026-09-19 06:00:00.000000
880631,345079,Owner Change,2026-09-19 06:00:00.000000
880631,362390,Quoted,2026-09-19 06:00:00.000000
880668,345079,Design Error,2026-09-19 06:00:00.000000
880668,362390,Quoted,2026-09-19 06:00:00.000000
880675,345079,Owner Change,2026-09-19 06:00:00.000000
880675,362390,Quoted,2026-09-19 06:00:00.000000
880688,345079,Owner Change,2026-09-19 06:00:00.000000
880688,362390,Quoted,2026-09-19 06:00:00.000000
880715,345079,Design Error,2026-09-19 06:00:00.000000
880715,362390,,2026-09-19 06:00:00.000000
880010,345079,Unforeseen Condition,2026-09-19 18:00:00.000000
880010,362390,Approved,2026-09-19 18:00:00.000000
880047,345079,Owner Change,2026-09-19 18:00:00.000000
880047,362390,Quoted,2026-09-19 18:00:00.000000
880082,345079,Owner Change,2026-09-19 18:00:00.000000
880082,362390,Declined,2026-09-19 18:00:00.000000
880122,345079,Design Error,2026-09-19 18:00:00.000000
880122,362390,Quoted,2026-09-19 18:00:00.000000
880138,345079,Design Error,2026-09-19 18:00:00.000000
880138,362390,Budgeted,2026-09-19 18:00:00.000000
880157,345079,Unforeseen Condition,2026-09-19 18:00:00.000000
880157,362390,Budgeted,2026-09-19 18:00:00.000000
880183,345079,Owner Change,2026-09-19 18:00:00.000000
880183,362390,Budgeted,2026-09-19 18:00:00.000000
880204,345079,Unforeseen Condition,2026-09-19 18:00:00.000000
880204,362390,,2026-09-19 18:00:00.000000
880211,345079,Design Error,2026-09-19 18:00:00.000000
880211,362390,Budgeted,2026-09-19 18:00:00.000000
880249,345079,Design Error,2026-09-19 18:00:00.000000
880249,362390,Declined,2026-09-19 18:00:00.000000
880269,345079,Design Error,2026-09-19 18:00:00.000000
880269,362390,Declined,2026-09-19 18:00:00.000000
880301,345079,Unforeseen Condition,2026-09-19 18:00:00.000000
880301,362390,Absorbed,2026-09-19 18:00:00.000000
880331,345079,Owner Change,2026-09-19 18:00:00.000000
880331,362390,,2026-09-19 18:00:00.000000
880380,345079,Unforeseen Condition,2026-09-19 18:00:00.000000
880380,362390,Budgeted,2026-09-19 18:00:00.000000
880390,345079,Unforeseen Condition,2026-09-19 18:00:00.000000
880390,362390,,2026-09-19 18:00:00.000000
880409,345079,Unforeseen Condition,2026-09-19 18:00:00.000000
880409,362390,Absorbed,2026-09-19 18:00:00.000000
880424,345079,Owner Change,2026-09-19 18:00:00.000000
880424,362390,Absorbed,2026-09-19 18:00:00.000000
880447,345079,Owner Change,2026-09-19 18:00:00.000000
880447,362390,Approved,2026-09-19 18:00:00.000000
880465,345079,Unforeseen Condition,2026-09-19 18:00:00.000000
880465,362390,Quoted,2026-09-19 18:00:00.000000
880492,345079,Unforeseen Condition,2026-09-19 18:00:00.000000
880492,362390,Budgeted,2026-09-19 18:00:00.000000
880523,345079,Owner Change,2026-09-19 18:00:00.000000
880523,362390,Budgeted,2026-09-19 18:00:00.000000
880527,345079,Unforeseen Condition,2026-09-19 18:00:00.000000
880527,362390,,2026-09-19 18:00:00.000000
880533,345079,Unforeseen Condition,2026-09-19 18:00:00.000000
880533,362390,Quoted,2026-09-19 18:00:00.000000
880592,345079,Owner Change,2026-09-19 18:00:00.000000
880592,362390,Approved,2026-09-19 18:00:00.000000
880622,345079,Owner Change,2026-09-19 18:00:00.000000
880622,362390,,2026-09-19 18:00:00.000000
880631,345079,Owner Change,2026-09-19 18:00:00.000000
880631,362390,Quoted,2026-09-19 18:00:00.000000
880668,345079,Design Error,2026-09-19 18:00:00.000000
880668,362390,Quoted,2026-09-19 18:00:00.000000
880675,345079,Owner Change,2026-09-19 18:00:00.000000
880675,362390,Quoted,2026-09-19 18:00:00.000000
880688,345079,Owner Change,2026-09-19 18:00:00.000000
880688,362390,Quoted,2026-09-19 18:00:00.000000
880715,345079,Design Error,2026-09-19 18:00:00.000000
880715,362390,,2026-09-19 18:00:00.000000
880010,345079,Unforeseen Condition,2026-09-20 06:00:00.000000
880010,362390,Approved,2026-09-20 06:00:00.000000
880047,345079,Owner Change,2026-09-20 06:00:00.000000
880047,362390,Quoted,2026-09-20 06:00:00.000000
880082,345079,Owner Change,2026-09-20 06:00:00.000000
880082,362390,Declined,2026-09-20 06:00:00.000000
880122,345079,Design Error,2026-09-20 06:00:00.000000
880122,362390,Quoted,2026-09-20 06:00:00.000000
880138,345079,Design Error,2026-09-20 06:00:00.000000
880138,362390,Budgeted,2026-09-20 06:00:00.000000
880157,345079,Unforeseen Condition,2026-09-20 06:00:00.000000
880157,362390,Budgeted,2026-09-20 06:00:00.000000
880183,345079,Owner Change,2026-09-20 06:00:00.000000
880183,362390,Budgeted,2026-09-20 06:00:00.000000
880204,345079,Unforeseen Condition,2026-09-20 06:00:00.000000
880204,362390,,2026-09-20 06:00:00.000000
880211,345079,Design Error,2026-09-20 06:00:00.000000
880211,362390,Budgeted,2026-09-20 06:00:00.000000
880249,345079,Design Error,2026-09-20 06:00:00.000000
880249,362390,Declined,2026-09-20 06:00:00.000000
880269,345079,Design Error,2026-09-20 06:00:00.000000
880269,362390,Declined,2026-09-20 06:00:00.000000
880301,345079,Unforeseen Condition,2026-09-20 06:00:00.000000
880301,362390,Absorbed,2026-09-20 06:00:00.000000
880331,345079,Owner Change,2026-09-20 06:00:00.000000
880331,362390,,2026-09-20 06:00:00.000000
880380,345079,Unforeseen Condition,2026-09-20 06:00:00.000000
880380,362390,Budgeted,2026-09-20 06:00:00.000000
880390,345079,Unforeseen Condition,2026-09-20 06:00:00.000000
880390,362390,,2026-09-20 06:00:00.000000
880409,345079,Unforeseen Condition,2026-09-20 06:00:00.000000
880409,362390,Absorbed,2026-09-20 06:00:00.000000
880424,345079,Owner Change,2026-09-20 06:00:00.000000
880424,362390,Absorbed,2026-09-20 06:00:00.000000
880447,345079,Owner Change,2026-09-20 06:00:00.000000
880447,362390,Approved,2026-09-20 06:00:00.000000
880465,345079,Unforeseen Condition,2026-09-20 06:00:00.000000
880465,362390,Quoted,2026-09-20 06:00:00.000000
880492,345079,Unforeseen Condition,2026-09-20 06:00:00.000000
880492,362390,Budgeted,2026-09-20 06:00:00.000000
880523,345079,Owner Change,2026-09-20 06:00:00.000000
880523,362390,Budgeted,2026-09-20 06:00:00.000000
880527,345079,Unforeseen Condition,2026-09-20 06:00:00.000000
880527,362390,,2026-09-20 06:00:00.000000
880533,345079,Unforeseen Condition,2026-09-20 06:00:00.000000
880533,362390,Quoted,2026-09-20 06:00:00.000000
880592,345079,Owner Change,2026-09-20 06:00:00.000000
880592,362390,Approved,2026-09-20 06:00:00.000000
880622,345079,Owner Change,2026-09-20 06:00:00.000000
880622,362390,,2026-09-20 06:00:00.000000
880631,345079,Owner Change,2026-09-20 06:00:00.000000
880631,362390,Quoted,2026-09-20 06:00:00.000000
880668,345079,Design Error,2026-09-20 06:00:00.000000
880668,362390,Quoted,2026-09-20 06:00:00.000000
880675,345079,Owner Change,2026-09-20 06:00:00.000000
880675,362390,Quoted,2026-09-20 06:00:00.000000
880688,345079,Owner Change,2026-09-20 06:00:00.000000
880688,362390,Quoted,2026-09-20 06:00:00.000000
880715,345079,Design Error,2026-09-20 06:00:00.000000
880715,362390,,2026-09-20 06:00:00.000000
880010,345079,Unforeseen Condition,2026-09-21 06:00:00.000000
880010,362390,Approved,2026-09-21 06:00:00.000000
880047,345079,Owner Change,2026-09-21 06:00:00.000000
880047,362390,Quoted,2026-09-21 06:00:00.000000
880082,345079,Owner Change,2026-09-21 06:00:00.000000
880082,362390,Declined,2026-09-21 06:00:00.000000
880122,345079,Design Error,2026-09-21 06:00:00.000000
880122,362390,Quoted,2026-09-21 06:00:00.000000
880138,345079,Design Error,2026-09-21 06:00:00.000000
880138,362390,Budgeted,2026-09-21 06:00:00.000000
880157,345079,Unforeseen Condition,2026-09-21 06:00:00.000000
880157,362390,Budgeted,2026-09-21 06:00:00.000000
880183,345079,Owner Change,2026-09-21 06:00:00.000000
880183,362390,Budgeted,2026-09-21 06:00:00.000000
880204,345079,Unforeseen Condition,2026-09-21 06:00:00.000000
880204,362390,,2026-09-21 06:00:00.000000
880211,345079,Design Error,2026-09-21 06:00:00.000000
880211,362390,Budgeted,2026-09-21 06:00:00.000000
880249,345079,Design Error,2026-09-21 06:00:00.000000
880249,362390,Declined,2026-09-21 06:00:00.000000
880269,345079,Design Error,2026-09-21 06:00:00.000000
880269,362390,Declined,2026-09-21 06:00:00.000000
880301,345079,Unforeseen Condition,2026-09-21 06:00:00.000000
880301,362390,Absorbed,2026-09-21 06:00:00.000000
880331,345079,Owner Change,2026-09-21 06:00:00.000000
880331,362390,,2026-09-21 06:00:00.000000
880380,345079,Unforeseen Condition,2026-09-21 06:00:00.000000
880380,362390,Budgeted,2026-09-21 06:00:00.000000
880390,345079,Unforeseen Condition,2026-09-21 06:00:00.000000
880390,362390,,2026-09-21 06:00:00.000000
880409,345079,Unforeseen Condition,2026-09-21 06:00:00.000000
880409,362390,Absorbed,2026-09-21 06:00:00.000000
880424,345079,Owner Change,2026-09-21 06:00:00.000000
880424,362390,Absorbed,2026-09-21 06:00:00.000000
880447,345079,Owner Change,2026-09-21 06:00:00.000000
880447,362390,Approved,2026-09-21 06:00:00.000000
880465,345079,Unforeseen Condition,2026-09-21 06:00:00.000000
880465,362390,Quoted,2026-09-21 06:00:00.000000
880492,345079,Unforeseen Condition,2026-09-21 06:00:00.000000
880492,362390,Budgeted,2026-09-21 06:00:00.000000
880523,345079,Owner Change,2026-09-21 06:00:00.000000
880523,362390,Budgeted,2026-09-21 06:00:00.000000
880527,345079,Unforeseen Condition,2026-09-21 06:00:00.000000
880527,362390,,2026-09-21 06:00:00.000000
880533,345079,Unforeseen Condition,2026-09-21 06:00:00.000000
880533,362390,Quoted,2026-09-21 06:00:00.000000
880592,345079,Owner Change,2026-09-21 06:00:00.000000
880592,362390,Approved,2026-09-21 06:00:00.000000
880622,345079,Owner Change,2026-09-21 06:00:00.000000
880622,362390,,2026-09-21 06:00:00.000000
880631,345079,Owner Change,2026-09-21 06:00:00.000000
880631,362390,Quoted,2026-09-21 06:00:00.000000
880668,345079,Design Error,2026-09-21 06:00:00.000000
880668,362390,Quoted,2026-09-21 06:00:00.000000
880675,345079,Owner Change,2026-09-21 06:00:00.000000
880675,362390,Quoted,2026-09-21 06:00:00.000000
880688,345079,Owner Change,2026-09-21 06:00:00.000000
880688,362390,Quoted,2026-09-21 06:00:00.000000
880715,345079,Design Error,2026-09-21 06:00:00.000000
880715,362390,,2026-09-21 06:00:00.000000
