id,name,project_type,status,Insertion_TimeStamp
3156696,Maple Ridge Apartments,New Construction,Active,2026-09-01 06:00:00.000000
2859999,Riverbend Senior Living,New Construction,Active,2026-09-01 06:00:00.000000
2263341,Solivita Commons,New Construction,Active,2026-09-01 06:00:00.000000
3300101,Oakwood Rehab,Rehab,Active,2026-09-01 06:00:00.000000
3300102,Lakeside Townhomes,PTR,Active,2026-09-01 06:00:00.000000
3300103,Cedar Point (cancelled),New Construction,Active,2026-09-01 06:00:00.000000
3156696,Maple Ridge Apartments,New Construction,Active,2026-09-01 18:00:00.000000
2859999,Riverbend Senior Living,New Construction,Active,2026-09-01 18:00:00.000000
2263341,Solivita Commons,New Construction,Active,2026-09-01 18:00:00.000000
3300101,Oakwood Rehab,Rehab,Active,2026-09-01 18:00:00.000000
3300102,Lakeside Townhomes,PTR,Active,2026-09-01 18:00:00.000000
3300103,Cedar Point (cancelled),New Construction,Active,2026-09-01 18:00:00.000000
3156696,Maple Ridge Apartments,New Construction,Active,2026-09-02 06:00:00.000000
2859999,Riverbend Senior Living,New Construction,Active,2026-09-02 06:00:00.000000
2263341,Solivita Commons,New Construction,Active,2026-09-02 06:00:00.000000
3300101,Oakwood Rehab,Rehab,Active,2026-09-02 06:00:00.000000
3300102,Lakeside Townhomes,PTR,Active,2026-09-02 06:00:00.000000
3300103,Cedar Point (cancelled),New Construction,Active,2026-09-02 06:00:00.000000
3156696,Maple Ridge Apartments,New Construction,Active,2026-09-03 06:00:00.000000
2859999,Riverbend Senior Living,New Construction,Active,2026-09-03 06:00:00.000000
2263341,Solivita Commons,New Construction,Active,2026-09-03 06:00:00.000000
3300101,Oakwood Rehab,Rehab,Active,2026-09-03 06:00:00.000000
3300102,Lakeside Townhomes,PTR,Active,2026-09-03 06:00:00.000000
3300103,Cedar Point (cancelled),New Construction,Active,2026-09-03 06:00:00.000000
3156696,Maple Ridge Apartments,New Construction,Active,2026-09-04 06:00:00.000000
2859999,Riverbend Senior Living,New Construction,Active,2026-09-04 06:00:00.000000
2263341,Solivita Commons,New Construction,Active,2026-09-04 06:00:00.000000
3300101,Oakwood Rehab,Rehab,Active,2026-09-04 06:00:00.000000
3300102,Lakeside Townhomes,PTR,Active,2026-09-04 06:00:00.000000
3300103,Cedar Point (cancelled),New Construction,Active,2026-09-04 06:00:00.000000
3156696,Maple Ridge Apartments,New Construction,Active,2026-09-04 18:00:00.000000
2859999,Riverbend Senior Living,New Construction,Active,2026-09-04 18:00:00.000000
2263341,Solivita Commons,New Construction,Active,2026-09-04 18:00:00.000000
3300101,Oakwood Rehab,Rehab,Active,2026-09-04 18:00:00.000000
3300102,Lakeside Townhomes,PTR,Active,2026-09-04 18:00:00.000000
3300103,Cedar Point (cancelled),New Construction,Active,2026-09-04 18:00:00.000000
3156696,Maple Ridge Apartments,New Construction,Active,2026-09-05 06:00:00.000000
2859999,Riverbend Senior Living,New Construction,Active,2026-09-05 06:00:00.000000
2263341,Solivita Commons,New Construction,Active,2026-09-05 06:00:00.000000
3300101,Oakwood Rehab,Rehab,Active,2026-09-05 06:00:00.000000
3300102,Lakeside Townhomes,PTR,Active,2026-09-05 06:00:00.000000
3300103,Cedar Point (cancelled),New Construction,Active,2026-09-05 06:00:00.000000
3156696,Maple Ridge Apartments,New Construction,Active,2026-09-06 06:00:00.000000
2859999,Riverbend Senior Living,New Construction,Active,2026-09-06 06:00:00.000000
2263341,Solivita Commons,New Construction,Active,2026-09-06 06:00:00.000000
3300101,Oakwood Rehab,Rehab,Active,2026-09-06 06:00:00.000000
3300102,Lakeside Townhomes,PTR,Active,2026-09-06 06:00:00.000000
3300103,Cedar Point (cancelled),New Construction,Active,2026-09-06 06:00:00.000000
3156696,Maple Ridge Apartments,New Construction,Active,2026-09-07 06:00:00.000000
2859999,Riverbend Senior Living,New Construction,Active,2026-09-07 06:00:00.000000
2263341,Solivita Commons,New Construction,Active,2026-09-07 06:00:00.000000
3300101,Oakwood Rehab,Rehab,Active,2026-09-07 06:00:00.000000
3300102,Lakeside Townhomes,PTR,Active,2026-09-07 06:00:00.000000
3300103,Cedar Point (cancelled),New Construction,Active,2026-09-07 06:00:00.000000
3156696,Maple Ridge Apartments,New Construction,Active,2026-09-07 18:00:00.000000
2859999,Riverbend Senior Living,New Construction,Active,2026-09-07 18:00:00.000000
2263341,Solivita Commons,New Construction,Active,2026-09-07 18:00:00.000000
3300101,Oakwood Rehab,Rehab,Active,2026-09-07 18:00:00.000000
3300102,Lakeside Townhomes,PTR,Active,2026-09-07 18:00:00.000000
3300103,Cedar Point (cancelled),New Construction,Active,2026-09-07 18:00:00.000000
3156696,Maple Ridge Apartments,New Construction,Active,2026-09-08 06:00:00.000000
2859999,Riverbend Senior Living,New Construction,Active,2026-09-08 06:00:00.000000
2263341,Solivita Commons,New Construction,Active,2026-09-08 06:00:00.000000
3300101,Oakwood Rehab,Rehab,Active,2026-09-08 06:00:00.000000
3300102,Lakeside Townhomes,PTR,Active,2026-09-08 06:00:00.000000
3300103,Cedar Point (cancelled),New Construction,Active,2026-09-08 06:00:00.000000
3156696,Maple Ridge Apartments,New Construction,Active,2026-09-09 06:00:00.000000
2859999,Riverbend Senior Living,New Construction,Active,2026-09-09 06:00:00.000000
2263341,Solivita Commons,New Construction,Active,2026-09-09 06:00:00.000000
3300101,Oakwood Rehab,Rehab,Active,2026-09-09 06:00:00.000000
3300102,Lakeside Townhomes,PTR,Active,2026-09-09 06:00:00.000000
3300103,Cedar Point (cancelled),New Construction,Active,2026-09-09 06:00:00.000000
3156696,Maple Ridge Apartments,New Construction,Active,2026-09-10 06:00:00.000000
2859999,Riverbend Senior Living,New Construction,Active,2026-09-10 06:00:00.000000
2263341,Solivita Commons,New Construction,Active,2026-09-10 06:00:00.000000
3300101,Oakwood Rehab,Rehab,Active,2026-09-10 06:00:00.000000
3300102,Lakeside Townhomes,PTR,Active,2026-09-10 06:00:00.000000
3300103,Cedar Point (cancelled),New Construction,Active,2026-09-10 06:00:00.000000
3156696,Maple Ridge Apartments,New Construction,Active,2026-09-10 18:00:00.000000
2859999,Riverbend Senior Living,New Construction,Active,2026-09-10 18:00:00.000000
2263341,Solivita Commons,New Construction,Active,2026-09-10 18:00:00.000000
3300101,Oakwood Rehab,Rehab,Active,2026-09-10 18:00:00.000000
3300102,Lakeside Townhomes,PTR,Active,2026-09-10 18:00:00.000000
3300103,Cedar Point (cancelled),New Construction,Active,2026-09-10 18:00:00.000000
3156696,Maple Ridge Apartments,New Construction,Active,2026-09-11 06:00:00.000000
2859999,Riverbend Senior Living,New Construction,Active,2026-09-11 06:00:00.000000
2263341,Solivita Commons,New Construction,Active,2026-09-11 06:00:00.000000
3300101,Oakwood Rehab,Rehab,Active,2026-09-11 06:00:00.000000
3300102,Lakeside Townhomes,PTR,Active,2026-09-11 06:00:00.000000
3300103,Cedar Point (cancelled),New Construction,Active,2026-09-11 06:00:00.000000
3156696,Maple Ridge Apartments,New Construction,Active,2026-09-12 06:00:00.000000
2859999,Riverbend Senior Living,New Construction,Active,2026-09-12 06:00:00.000000
2263341,Solivita Commons,New Construction,Active,2026-09-12 06:00:00.000000
3300101,Oakwood Rehab,Rehab,Active,2026-09-12 06:00:00.000000
3300102,Lakeside Townhomes,PTR,Active,2026-09-12 06:00:00.000000
3300103,Cedar Point (cancelled),New Construction,Active,2026-09-12 06:00:00.000000
3156696,Maple Ridge Apartments,New Construction,Active,2026-09-13 06:00:00.000000
2859999,Riverbend Senior Living,New Construction,Active,2026-09-13 06:00:00.000000
2263341,Solivita Commons,New Construction,Active,2026-09-13 06:00:00.000000
3300101,Oakwood Rehab,Rehab,Active,2026-09-13 06:00:00.000000
3300102,Lakeside Townhomes,PTR,Active,2026-09-13 06:00:00.000000
3300103,Cedar Point (cancelled),New Construction,Active,2026-09-13 06:00:00.000000
3156696,Maple Ridge Apartments,New Construction,Active,2026-09-13 18:00:00.000000
2859999,Riverbend Senior Living,New Construction,Active,2026-09-13 18:00:00.000000
2263341,Solivita Commons,New Construction,Active,2026-09-13 18:00:00.000000
3300101,Oakwood Rehab,Rehab,Active,2026-09-13 18:00:00.000000
3300102,Lakeside Townhomes,PTR,Active,2026-09-13 18:00:00.000000
3300103,Cedar Point (cancelled),New Construction,Active,2026-09-13 18:00:00.000000
3156696,Maple Ridge Apartments,New Construction,Active,2026-09-14 06:00:00.000000
2859999,Riverbend Senior Living,New Construction,Active,2026-09-14 06:00:00.000000
2263341,Solivita Commons,New Construction,Active,2026-09-14 06:00:00.000000
3300101,Oakwood Rehab,Rehab,Active,2026-09-14 06:00:00.000000
3300102,Lakeside Townhomes,PTR,Active,2026-09-14 06:00:00.000000
3300103,Cedar Point (cancelled),New Construction,Active,2026-09-14 06:00:00.000000
3156696,Maple Ridge Apartments,New Construction,Active,2026-09-15 06:00:00.000000
2859999,Riverbend Senior Living,New Construction,Active,2026-09-15 06:00:00.000000
2263341,Solivita Commons,New Construction,Active,2026-09-15 06:00:00.000000
3300101,Oakwood Rehab,Rehab,Active,2026-09-15 06:00:00.000000
3300102,Lakeside Townhomes,PTR,Active,2026-09-15 06:00:00.000000
3156696,Maple Ridge Apartments,New Construction,Active,2026-09-16 06:00:00.000000
2859999,Riverbend Senior Living,New Construction,Active,2026-09-16 06:00:00.000000
2263341,Solivita Commons,New Construction,Active,2026-09-16 06:00:00.000000
3300101,Oakwood Rehab,Rehab,Active,2026-09-16 06:00:00.000000
3300102,Lakeside Townhomes,PTR,Active,2026-09-16 06:00:00.000000
3156696,Maple Ridge Apartments,New Construction,Active,2026-09-16 18:00:00.000000
2859999,Riverbend Senior Living,New Construction,Active,2026-09-16 18:00:00.000000
2263341,Solivita Commons,New Construction,Active,2026-09-16 18:00:00.000000
3300101,Oakwood Rehab,Rehab,Active,2026-09-16 18:00:00.000000
3300102,Lakeside Townhomes,PTR,Active,2026-09-16 18:00:00.000000
3156696,Maple Ridge Apartments,New Construction,Active,2026-09-17 06:00:00.000000
2859999,Riverbend Senior Living,New Construction,Active,2026-09-17 06:00:00.000000
2263341,Solivita Commons,New Construction,Active,2026-09-17 06:00:00.000000
3300101,Oakwood Rehab,Rehab,Active,2026-09-17 06:00:00.000000
3300102,Lakeside Townhomes,PTR,Active,2026-09-17 06:00:00.000000
3156696,Maple Ridge Apartments,New Construction,Active,2026-09-18 06:00:00.000000
2859999,Riverbend Senior Living,New Construction,Active,2026-09-18 06:00:00.000000
2263341,Solivita Commons,New Construction,Active,2026-09-18 06:00:00.000000
3300101,Oakwood Rehab,Rehab,Active,2026-09-18 06:00:00.000000
3300102,Lakeside Townhomes,PTR,Active,2026-09-18 06:00:00.000000
3156696,Maple Ridge Apartments,New Construction,Active,2026-09-19 06:00:00.000000
2859999,Riverbend Senior Living,New Construction,Active,2026-09-19 06:00:00.000000
2263341,Solivita Commons,New Construction,Active,2026-09-19 06:00:00.000000
3300101,Oakwood Rehab,Rehab,Active,2026-09-19 06:00:00.000000
3300102,Lakeside Townhomes,PTR,Active,2026-09-19 06:00:00.000000
3156696,Maple Ridge Apartments,New Construction,Active,2026-09-19 18:00:00.000000
2859999,Riverbend Senior Living,New Construction,Active,2026-09-19 18:00:00.000000
2263341,Solivita Commons,New Construction,Active,2026-09-19 18:00:00.000000
3300101,Oakwood Rehab,Rehab,Active,2026-09-19 18:00:00.000000
3300102,Lakeside Townhomes,PTR,Active,2026-09-19 18:00:00.000000
3156696,Maple Ridge Apartments,New Construction,Active,2026-09-20 06:00:00.000000
2859999,Riverbend Senior Living,New Construction,Active,2026-09-20 06:00:00.000000
2263341,Solivita Commons,New Construction,Active,2026-09-20 06:00:00.000000
3300101,Oakwood Rehab,Rehab,Active,2026-09-20 06:00:00.000000
3300102,Lakeside Townhomes,PTR,Active,2026-09-20 06:00:00.000000
3156696,Maple Ridge Apartments,New Construction,Active,2026-09-21 06:00:00.000000
2859999,Riverbend Senior Living,New Construction,Active,2026-09-21 06:00:00.000000
2263341,Solivita Commons,New Construction,Active,2026-09-21 06:00:00.000000
3300101,Oakwood Rehab,Rehab,Active,2026-09-21 06:00:00.000000
3300102,Lakeside Townhomes,PTR,Active,2026-09-21 06:00:00.000000
